Date,dix
2011-05-02,0.378842099
2011-05-03,0.38341108
2011-05-04,0.3921218
2011-05-05,0.40545702
2011-05-06,0.418648665
2011-05-09,0.410320503
2011-05-10,0.392851427
2011-05-11,0.400814098
2011-05-12,0.387533995
2011-05-13,0.405595192
2011-05-16,0.389702744
2011-05-17,0.394746832
2011-05-18,0.402330225
2011-05-19,0.394634203
2011-05-20,0.413201616
2011-05-23,0.405846557
2011-05-24,0.389380348
2011-05-25,0.39729069
2011-05-26,0.397655976
2011-05-27,0.40093531
2011-05-31,0.402477407
2011-06-01,0.441581815
2011-06-02,0.413069954
2011-06-03,0.436109719
2011-06-06,0.400147128
2011-06-07,0.406773926
2011-06-08,0.40458124
2011-06-09,0.414450695
2011-06-10,0.436125527
2011-06-13,0.40885086
2011-06-14,0.426970319
2011-06-15,0.430259748
2011-06-16,0.387974963
2011-06-17,0.408967692
2011-06-20,0.371377592
2011-06-21,0.423486175
2011-06-22,0.447209893
2011-06-23,0.446167418
2011-06-24,0.447477568
2011-06-27,0.422968726
2011-06-28,0.434609154
2011-06-29,0.41914064
2011-06-30,0.41193311
2011-07-01,0.414437072
2011-07-05,0.418297491
2011-07-06,0.429512982
2011-07-07,0.416198359
2011-07-08,0.4396265
2011-07-11,0.427681437
2011-07-12,0.428388198
2011-07-13,0.42802034
2011-07-14,0.433802921
2011-07-15,0.426378352
2011-07-18,0.416247547
2011-07-19,0.410345173
2011-07-20,0.439684736
2011-07-21,0.42232637
2011-07-22,0.445173324
2011-07-25,0.444488726
2011-07-26,0.421529934
2011-07-27,0.418012198
2011-07-28,0.408520001
2011-07-29,0.40360837
2011-08-01,0.440309934
2011-08-02,0.441316163
2011-08-03,0.431168961
2011-08-04,0.429702315
2011-08-05,0.421318722
2011-08-08,0.422791103
2011-08-09,0.419587084
2011-08-10,0.464857049
2011-08-11,0.427854096
2011-08-12,0.456990381
2011-08-15,0.46463638
2011-08-16,0.469079328
2011-08-17,0.482254151
2011-08-18,0.462807642
2011-08-19,0.458592828
2011-08-22,0.448567228
2011-08-23,0.461559084
2011-08-24,0.479698402
2011-08-25,0.488769064
2011-08-26,0.479699008
2011-08-29,0.48106422
2011-08-30,0.478342927
2011-08-31,0.460570921
2011-09-01,0.487540669
2011-09-02,0.494089934
2011-09-06,0.503255069
2011-09-07,0.463618062
2011-09-08,0.473642392
2011-09-09,0.500488427
2011-09-12,0.469095092
2011-09-13,0.483554346
2011-09-14,0.467058699
2011-09-15,0.445066086
2011-09-16,0.474803599
2011-09-19,0.471532494
2011-09-20,0.460587997
2011-09-21,0.448700174
2011-09-22,0.481429038
2011-09-23,0.457091477
2011-09-26,0.456608486
2011-09-27,0.449152199
2011-09-28,0.483848986
2011-09-29,0.451186941
2011-09-30,0.475506663
2011-10-03,0.480298014
2011-10-04,0.462602226
2011-10-05,0.484630064
2011-10-06,0.481191663
2011-10-07,0.477111056
2011-10-10,0.447477948
2011-10-11,0.475650611
2011-10-12,0.471812996
2011-10-13,0.496293143
2011-10-14,0.456942523
2011-10-17,0.491524808
2011-10-18,0.460549148
2011-10-19,0.471040535
2011-10-20,0.480243155
2011-10-21,0.448862054
2011-10-24,0.428410051
2011-10-25,0.44638268
2011-10-26,0.42391454
2011-10-27,0.397064268
2011-10-28,0.43294202
2011-10-31,0.445037015
2011-11-01,0.454847982
2011-11-02,0.450534427
2011-11-03,0.44365225
2011-11-04,0.468466739
2011-11-07,0.445331893
2011-11-08,0.426426666
2011-11-09,0.482996408
2011-11-10,0.42235354
2011-11-11,0.423077624
2011-11-14,0.453277241
2011-11-15,0.436227733
2011-11-16,0.461607981
2011-11-17,0.469086863
2011-11-18,0.455749012
2011-11-21,0.450129026
2011-11-22,0.467619484
2011-11-23,0.465278888
2011-11-25,0.470870269
2011-11-28,0.46061204
2011-11-29,0.449602543
2011-11-30,0.40289277
2011-12-01,0.438849579
2011-12-02,0.427454365
2011-12-05,0.434154574
2011-12-06,0.435047155
2011-12-07,0.4419741
2011-12-08,0.475577644
2011-12-09,0.440305541
2011-12-12,0.495128953
2011-12-13,0.458171342
2011-12-14,0.439287721
2011-12-15,0.427442872
2011-12-16,0.455177073
2011-12-19,0.449236784
2011-12-20,0.405726452
2011-12-21,0.428636389
2011-12-22,0.4316862
2011-12-23,0.429020877
2011-12-27,0.435375215
2011-12-28,0.454748361
2011-12-29,0.440780529
2011-12-30,0.429171329
2012-01-03,0.411853455
2012-01-04,0.456286253
2012-01-05,0.459538324
2012-01-06,0.455721589
2012-01-09,0.443140449
2012-01-10,0.420540829
2012-01-11,0.44476812
2012-01-12,0.453079734
2012-01-13,0.457141218
2012-01-17,0.422817493
2012-01-18,0.437660603
2012-01-19,0.441143201
2012-01-20,0.438470229
2012-01-23,0.424406132
2012-01-24,0.427808634
2012-01-25,0.416994023
2012-01-26,0.422394072
2012-01-27,0.431315853
2012-01-30,0.465470177
2012-01-31,0.451847259
2012-02-01,0.419720719
2012-02-02,0.432154839
2012-02-03,0.415764314
2012-02-06,0.436427334
2012-02-07,0.443991818
2012-02-08,0.439762169
2012-02-09,0.433544848
2012-02-10,0.454488035
2012-02-13,0.435652483
2012-02-14,0.43687051
2012-02-15,0.42288139
2012-02-16,0.403360978
2012-02-17,0.413584361
2012-02-21,0.422478382
2012-02-22,0.42099281
2012-02-23,0.413212964
2012-02-24,0.431161465
2012-02-27,0.438857032
2012-02-28,0.4203273
2012-02-29,0.456480825
2012-03-01,0.460734142
2012-03-02,0.451729676
2012-03-05,0.438912354
2012-03-06,0.432709392
2012-03-07,0.464862773
2012-03-08,0.441270376
2012-03-09,0.457583846
2012-03-12,0.462077742
2012-03-13,0.442057996
2012-03-14,0.4518658
2012-03-15,0.45955109
2012-03-16,0.45746992
2012-03-19,0.419983363
2012-03-20,0.418007617
2012-03-21,0.435422065
2012-03-22,0.433343751
2012-03-23,0.432943528
2012-03-26,0.422077752
2012-03-27,0.425787292
2012-03-28,0.446510754
2012-03-29,0.457585048
2012-03-30,0.423634288
2012-04-02,0.4193694
2012-04-03,0.446404921
2012-04-04,0.446128421
2012-04-05,0.440183442
2012-04-09,0.442140852
2012-04-10,0.448563054
2012-04-11,0.464257559
2012-04-12,0.443339179
2012-04-13,0.445217761
2012-04-16,0.402919908
2012-04-17,0.428623496
2012-04-18,0.4371225
2012-04-19,0.436354903
2012-04-20,0.397271511
2012-04-23,0.425107543
2012-04-24,0.396245321
2012-04-25,0.431299042
2012-04-26,0.440532015
2012-04-27,0.430271156
2012-04-30,0.426573934
2012-05-01,0.426657166
2012-05-02,0.449407761
2012-05-03,0.440656552
2012-05-04,0.437688094
2012-05-07,0.423449667
2012-05-08,0.456115884
2012-05-09,0.452375884
2012-05-10,0.439342352
2012-05-11,0.432141801
2012-05-14,0.421752483
2012-05-15,0.459140055
2012-05-16,0.436529127
2012-05-17,0.415799241
2012-05-18,0.440721534
2012-05-21,0.445945362
2012-05-22,0.457411629
2012-05-23,0.463389227
2012-05-24,0.462337076
2012-05-25,0.445284396
2012-05-29,0.439826623
2012-05-30,0.468596491
2012-05-31,0.468427965
2012-06-01,0.468815591
2012-06-04,0.432496989
2012-06-05,0.459361236
2012-06-06,0.438660675
2012-06-07,0.436467687
2012-06-08,0.455917017
2012-06-11,0.481044704
2012-06-12,0.468450448
2012-06-13,0.493658776
2012-06-14,0.457117961
2012-06-15,0.427043167
2012-06-18,0.436562891
2012-06-19,0.436885852
2012-06-20,0.423884939
2012-06-21,0.452301117
2012-06-22,0.450756703
2012-06-25,0.441823368
2012-06-26,0.448756455
2012-06-27,0.426649003
2012-06-28,0.440783954
2012-06-29,0.413237977
2012-07-02,0.41260613
2012-07-03,0.390983426
2012-07-05,0.426481375
2012-07-06,0.436077109
2012-07-09,0.420280883
2012-07-10,0.442497694
2012-07-11,0.420722684
2012-07-12,0.43242149
2012-07-13,0.440963266
2012-07-16,0.436274487
2012-07-17,0.451430094
2012-07-18,0.436626683
2012-07-19,0.441872417
2012-07-20,0.464460912
2012-07-23,0.443219106
2012-07-24,0.431072307
2012-07-25,0.430702935
2012-07-26,0.421724382
2012-07-27,0.424714183
2012-07-30,0.42843743
2012-07-31,0.428534496
2012-08-01,0.457858839
2012-08-02,0.464333809
2012-08-03,0.39010512
2012-08-06,0.423803255
2012-08-07,0.411675816
2012-08-08,0.426888444
2012-08-09,0.439394958
2012-08-10,0.428783068
2012-08-13,0.446491402
2012-08-14,0.429194893
2012-08-15,0.432183217
2012-08-16,0.426202142
2012-08-17,0.398142173
2012-08-20,0.413355168
2012-08-21,0.418816398
2012-08-22,0.408271923
2012-08-23,0.433467765
2012-08-24,0.412609669
2012-08-27,0.438513389
2012-08-28,0.4472684
2012-08-29,0.448131541
2012-08-30,0.451028754
2012-08-31,0.44626046
2012-09-04,0.445828301
2012-09-05,0.450946787
2012-09-06,0.421909518
2012-09-07,0.420361162
2012-09-10,0.39850468
2012-09-11,0.383374847
2012-09-12,0.400705097
2012-09-13,0.391469653
2012-09-14,0.396847554
2012-09-17,0.365391474
2012-09-18,0.391424471
2012-09-19,0.418005806
2012-09-20,0.399077405
2012-09-21,0.397216762
2012-09-24,0.393883691
2012-09-25,0.383623414
2012-09-26,0.363140164
2012-09-27,0.379371729
2012-09-28,0.416806076
2012-10-01,0.344328363
2012-10-02,0.350350177
2012-10-03,0.380016048
2012-10-04,0.378389136
2012-10-05,0.342700141
2012-10-08,0.337064299
2012-10-09,0.337286422
2012-10-10,0.381649494
2012-10-11,0.365228725
2012-10-12,0.366631872
2012-10-15,0.411180976
2012-10-16,0.416879436
2012-10-17,0.417818503
2012-10-18,0.399641532
2012-10-19,0.403053872
2012-10-22,0.395740612
2012-10-23,0.404109969
2012-10-24,0.392615667
2012-10-25,0.390722067
2012-10-26,0.397319071
2012-10-31,0.400017221
2012-11-01,0.380985792
2012-11-02,0.388379188
2012-11-05,0.392869034
2012-11-06,0.389892473
2012-11-07,0.391995173
2012-11-08,0.356132958
2012-11-09,0.382497814
2012-11-12,0.414913835
2012-11-13,0.389635452
2012-11-14,0.395428264
2012-11-15,0.366305334
2012-11-16,0.377838216
2012-11-19,0.443029488
2012-11-20,0.431524734
2012-11-21,0.399549763
2012-11-23,0.409276923
2012-11-26,0.425649864
2012-11-27,0.415660896
2012-11-28,0.399101262
2012-11-29,0.419258483
2012-11-30,0.405114081
2012-12-03,0.422903465
2012-12-04,0.381616436
2012-12-05,0.365733717
2012-12-06,0.39073447
2012-12-07,0.401575058
2012-12-10,0.382850504
2012-12-11,0.397593329
2012-12-12,0.398400604
2012-12-13,0.387779499
2012-12-14,0.366796552
2012-12-17,0.365082383
2012-12-18,0.399599833
2012-12-19,0.398091049
2012-12-20,0.389809177
2012-12-21,0.399590542
2012-12-24,0.375662081
2012-12-26,0.366132149
2012-12-27,0.382920621
2012-12-28,0.373180034
2012-12-31,0.367612702
2013-01-02,0.408387181
2013-01-03,0.411084207
2013-01-04,0.40085829
2013-01-07,0.421020455
2013-01-08,0.426407822
2013-01-09,0.401299174
2013-01-10,0.406521893
2013-01-11,0.406955007
2013-01-14,0.396407187
2013-01-15,0.37745356
2013-01-16,0.400468816
2013-01-17,0.405456103
2013-01-18,0.420186392
2013-01-22,0.404837828
2013-01-23,0.399654611
2013-01-24,0.370458006
2013-01-25,0.387115124
2013-01-28,0.384003017
2013-01-29,0.420941389
2013-01-30,0.416475716
2013-01-31,0.405991965
2013-02-01,0.402749968
2013-02-04,0.407471645
2013-02-05,0.406997345
2013-02-06,0.429158792
2013-02-07,0.423840104
2013-02-08,0.423994382
2013-02-11,0.414464852
2013-02-12,0.405188321
2013-02-13,0.389954765
2013-02-14,0.399621358
2013-02-15,0.410504046
2013-02-19,0.379329583
2013-02-20,0.395198082
2013-02-21,0.405178056
2013-02-22,0.406510613
2013-02-25,0.415833681
2013-02-26,0.415661366
2013-02-27,0.392456962
2013-02-28,0.403155987
2013-03-01,0.408234946
2013-03-04,0.39259849
2013-03-05,0.383489399
2013-03-06,0.385603996
2013-03-07,0.389067617
2013-03-08,0.397392913
2013-03-11,0.387688585
2013-03-12,0.402901503
2013-03-13,0.3943232
2013-03-14,0.386227489
2013-03-15,0.410386141
2013-03-18,0.436842036
2013-03-19,0.417850272
2013-03-20,0.388587693
2013-03-21,0.423769703
2013-03-22,0.404141075
2013-03-25,0.414668312
2013-03-26,0.410085849
2013-03-27,0.416105318
2013-03-28,0.394636595
2013-04-01,0.39988148
2013-04-02,0.377484083
2013-04-03,0.409943716
2013-04-04,0.412178942
2013-04-05,0.430148959
2013-04-08,0.403979361
2013-04-09,0.410513299
2013-04-10,0.402280746
2013-04-11,0.390854995
2013-04-12,0.406331973
2013-04-15,0.406749219
2013-04-16,0.411591273
2013-04-17,0.407342837
2013-04-18,0.415606575
2013-04-19,0.408835466
2013-04-22,0.396855827
2013-04-23,0.400387153
2013-04-24,0.382758186
2013-04-25,0.386076715
2013-04-26,0.373328429
2013-04-29,0.380110962
2013-04-30,0.384629535
2013-05-01,0.380459329
2013-05-02,0.399661397
2013-05-03,0.382530763
2013-05-06,0.402811688
2013-05-07,0.398131858
2013-05-08,0.395805549
2013-05-09,0.408071215
2013-05-10,0.406451395
2013-05-13,0.406053616
2013-05-14,0.383586226
2013-05-15,0.368617405
2013-05-16,0.397763258
2013-05-17,0.395275729
2013-05-20,0.39390887
2013-05-21,0.388424331
2013-05-22,0.408875833
2013-05-23,0.411155456
2013-05-24,0.418170317
2013-05-28,0.405660355
2013-05-29,0.420451691
2013-05-30,0.426907294
2013-05-31,0.422519147
2013-06-03,0.41265714
2013-06-04,0.439063213
2013-06-05,0.433239313
2013-06-06,0.42861058
2013-06-07,0.417191493
2013-06-10,0.417005677
2013-06-11,0.422938307
2013-06-12,0.429577889
2013-06-13,0.42316032
2013-06-14,0.431183512
2013-06-17,0.395961526
2013-06-18,0.422241156
2013-06-19,0.454881305
2013-06-20,0.468162029
2013-06-21,0.440914232
2013-06-24,0.389948627
2013-06-25,0.404326808
2013-06-26,0.41748937
2013-06-27,0.422762284
2013-06-28,0.398370106
2013-07-01,0.398038719
2013-07-02,0.426264202
2013-07-03,0.388393621
2013-07-05,0.422657369
2013-07-08,0.411377503
2013-07-09,0.399287486
2013-07-10,0.422498517
2013-07-11,0.400344708
2013-07-12,0.406724665
2013-07-15,0.389100498
2013-07-16,0.392956597
2013-07-17,0.405943391
2013-07-18,0.395381324
2013-07-19,0.408125996
2013-07-22,0.402270073
2013-07-23,0.383448387
2013-07-24,0.405334802
2013-07-25,0.389338675
2013-07-26,0.408254244
2013-07-29,0.414334412
2013-07-30,0.400847462
2013-07-31,0.401066697
2013-08-01,0.396481434
2013-08-02,0.406785315
2013-08-05,0.421547922
2013-08-06,0.421423546
2013-08-07,0.417691669
2013-08-08,0.405643463
2013-08-09,0.412346719
2013-08-12,0.413041699
2013-08-13,0.436397166
2013-08-14,0.446252999
2013-08-15,0.444900309
2013-08-16,0.443468493
2013-08-19,0.431692856
2013-08-20,0.420550035
2013-08-21,0.452575025
2013-08-22,0.403792705
2013-08-23,0.44046208
2013-08-26,0.41176324
2013-08-27,0.434131029
2013-08-28,0.409052798
2013-08-29,0.454436907
2013-08-30,0.472330238
2013-09-03,0.447016837
2013-09-04,0.417623749
2013-09-05,0.424549501
2013-09-06,0.421621133
2013-09-09,0.39155695
2013-09-10,0.398333643
2013-09-11,0.399407117
2013-09-12,0.410144666
2013-09-13,0.408249604
2013-09-16,0.383937106
2013-09-17,0.406312614
2013-09-18,0.410992385
2013-09-19,0.406220742
2013-09-20,0.432773194
2013-09-23,0.411561719
2013-09-24,0.424946788
2013-09-25,0.408926297
2013-09-26,0.401253508
2013-09-27,0.423958363
2013-09-30,0.443370839
2013-10-01,0.430851554
2013-10-02,0.430642636
2013-10-03,0.44804537
2013-10-04,0.409511128
2013-10-07,0.425328125
2013-10-08,0.42596544
2013-10-09,0.423213622
2013-10-10,0.421183348
2013-10-11,0.426664865
2013-10-14,0.418106983
2013-10-15,0.430754104
2013-10-16,0.396051897
2013-10-17,0.420038518
2013-10-18,0.424057408
2013-10-21,0.412007973
2013-10-22,0.392491946
2013-10-23,0.420586285
2013-10-24,0.385371619
2013-10-25,0.399745166
2013-10-28,0.401925818
2013-10-29,0.406360344
2013-10-30,0.41552413
2013-10-31,0.429896433
2013-11-01,0.430589773
2013-11-04,0.411233224
2013-11-05,0.446061715
2013-11-06,0.424633985
2013-11-07,0.434519709
2013-11-08,0.431594975
2013-11-11,0.438949507
2013-11-12,0.436024933
2013-11-13,0.419536661
2013-11-14,0.40775455
2013-11-15,0.42240951
2013-11-18,0.408628579
2013-11-19,0.419945415
2013-11-20,0.421091768
2013-11-21,0.400147464
2013-11-22,0.407608962
2013-11-25,0.408742391
2013-11-26,0.415059277
2013-11-27,0.419096216
2013-11-29,0.426885763
2013-12-02,0.428374452
2013-12-03,0.420988583
2013-12-04,0.418821936
2013-12-05,0.441306477
2013-12-06,0.417095547
2013-12-09,0.388848226
2013-12-10,0.398716583
2013-12-11,0.408032742
2013-12-12,0.410604038
2013-12-13,0.394281521
2013-12-16,0.387877357
2013-12-17,0.401373565
2013-12-18,0.401640142
2013-12-19,0.408457289
2013-12-20,0.41545642
2013-12-23,0.395686053
2013-12-24,0.396378597
2013-12-26,0.39799816
2013-12-27,0.41625426
2013-12-30,0.406697002
2013-12-31,0.406297186
2014-01-02,0.411625648
2014-01-03,0.411462272
2014-01-06,0.39921723
2014-01-07,0.390529719
2014-01-08,0.386079947
2014-01-09,0.404745042
2014-01-10,0.397266456
2014-01-13,0.412152084
2014-01-14,0.393536879
2014-01-15,0.386070971
2014-01-16,0.407258009
2014-01-17,0.426788265
2014-01-21,0.369254822
2014-01-22,0.400514873
2014-01-23,0.400968323
2014-01-24,0.410183419
2014-01-27,0.377788743
2014-01-28,0.390695823
2014-01-29,0.417754038
2014-01-30,0.376620032
2014-01-31,0.407178132
2014-02-03,0.430096555
2014-02-04,0.402792837
2014-02-05,0.396992305
2014-02-06,0.391452324
2014-02-07,0.408045304
2014-02-10,0.405556957
2014-02-11,0.38922699
2014-02-12,0.418906987
2014-02-13,0.393441643
2014-02-14,0.396713426
2014-02-18,0.409099067
2014-02-19,0.421331273
2014-02-20,0.39376951
2014-02-21,0.415673062
2014-02-24,0.388094141
2014-02-25,0.402800978
2014-02-26,0.407612729
2014-02-27,0.398701102
2014-02-28,0.411558587
2014-03-03,0.43235068
2014-03-04,0.399170306
2014-03-05,0.410746722
2014-03-06,0.410707602
2014-03-07,0.416443113
2014-03-10,0.419935794
2014-03-11,0.418294428
2014-03-12,0.401850019
2014-03-13,0.422458839
2014-03-14,0.394080908
2014-03-17,0.400936257
2014-03-18,0.397201537
2014-03-19,0.443469575
2014-03-20,0.420561905
2014-03-21,0.420882359
2014-03-24,0.405004631
2014-03-25,0.401020919
2014-03-26,0.38862145
2014-03-27,0.386546851
2014-03-28,0.399139712
2014-03-31,0.403332331
2014-04-01,0.377560743
2014-04-02,0.393700703
2014-04-03,0.398267834
2014-04-04,0.393144099
2014-04-07,0.377136926
2014-04-08,0.368940772
2014-04-09,0.378247264
2014-04-10,0.41778861
2014-04-11,0.393054594
2014-04-14,0.403437508
2014-04-15,0.408854458
2014-04-16,0.406395935
2014-04-17,0.431651405
2014-04-21,0.403985775
2014-04-22,0.400955709
2014-04-23,0.403179308
2014-04-24,0.371125053
2014-04-25,0.405602222
2014-04-28,0.381053846
2014-04-29,0.372978644
2014-04-30,0.403251573
2014-05-01,0.415291656
2014-05-02,0.426634859
2014-05-05,0.396783902
2014-05-06,0.410473214
2014-05-07,0.40438003
2014-05-08,0.412564407
2014-05-09,0.392497613
2014-05-12,0.388427691
2014-05-13,0.384958412
2014-05-14,0.409827815
2014-05-15,0.423250383
2014-05-16,0.400566247
2014-05-19,0.398586498
2014-05-20,0.433377272
2014-05-21,0.402055729
2014-05-22,0.402673166
2014-05-23,0.404528395
2014-05-27,0.380749799
2014-05-28,0.387001685
2014-05-29,0.389201225
2014-05-30,0.405881146
2014-06-02,0.403647998
2014-06-03,0.4095818
2014-06-04,0.393459748
2014-06-05,0.383983193
2014-06-06,0.392022709
2014-06-09,0.398294366
2014-06-10,0.386255411
2014-06-11,0.411642337
2014-06-12,0.399892066
2014-06-13,0.39990942
2014-06-16,0.404646312
2014-06-17,0.40077287
2014-06-18,0.389490463
2014-06-19,0.405197659
2014-06-20,0.393901062
2014-06-23,0.392919377
2014-06-24,0.38487827
2014-06-25,0.374541248
2014-06-26,0.394992857
2014-06-27,0.39393539
2014-06-30,0.389391161
2014-07-01,0.382698508
2014-07-02,0.372063169
2014-07-03,0.36414342
2014-07-07,0.387948877
2014-07-08,0.374529656
2014-07-09,0.377106397
2014-07-10,0.37983148
2014-07-11,0.392609547
2014-07-14,0.378822047
2014-07-15,0.389664184
2014-07-16,0.384982532
2014-07-17,0.401798125
2014-07-18,0.408956516
2014-07-21,0.395295238
2014-07-22,0.375403793
2014-07-23,0.363870019
2014-07-24,0.370110485
2014-07-25,0.384126217
2014-07-28,0.367050884
2014-07-29,0.391568091
2014-07-30,0.374181777
2014-07-31,0.389536079
2014-08-01,0.377984419
2014-08-04,0.388827021
2014-08-05,0.42046185
2014-08-06,0.397129573
2014-08-07,0.416941214
2014-08-08,0.389454746
2014-08-11,0.434052954
2014-08-12,0.419673503
2014-08-13,0.39759558
2014-08-14,0.391260389
2014-08-15,0.433309035
2014-08-18,0.374125177
2014-08-19,0.367713324
2014-08-20,0.386948986
2014-08-21,0.391912419
2014-08-22,0.402560093
2014-08-25,0.37806383
2014-08-26,0.362279852
2014-08-27,0.382864591
2014-08-28,0.36967817
2014-08-29,0.383082812
2014-09-02,0.39489199
2014-09-03,0.374052244
2014-09-04,0.403540134
2014-09-05,0.377857389
2014-09-08,0.40796991
2014-09-09,0.390597436
2014-09-10,0.376000604
2014-09-11,0.398071809
2014-09-12,0.417705228
2014-09-15,0.389824474
2014-09-16,0.374041517
2014-09-17,0.416405678
2014-09-18,0.410996374
2014-09-19,0.404161054
2014-09-22,0.371638937
2014-09-23,0.381579128
2014-09-24,0.385398733
2014-09-25,0.409672014
2014-09-26,0.377808833
2014-09-29,0.403517989
2014-09-30,0.401688579
2014-10-01,0.412982965
2014-10-02,0.385785049
2014-10-03,0.397658349
2014-10-06,0.407405965
2014-10-07,0.425135423
2014-10-08,0.39478202
2014-10-09,0.410798102
2014-10-10,0.381868078
2014-10-13,0.401737744
2014-10-14,0.396897764
2014-10-15,0.364920898
2014-10-16,0.397124048
2014-10-17,0.399203708
2014-10-20,0.407931829
2014-10-21,0.385346404
2014-10-22,0.408954558
2014-10-23,0.408436132
2014-10-24,0.401523506
2014-10-27,0.405896301
2014-10-28,0.392942736
2014-10-29,0.383634147
2014-10-30,0.387146433
2014-10-31,0.363808207
2014-11-03,0.389603733
2014-11-04,0.379008206
2014-11-05,0.394724703
2014-11-06,0.378502836
2014-11-07,0.384528839
2014-11-10,0.382657699
2014-11-11,0.377887542
2014-11-12,0.391469076
2014-11-13,0.401996367
2014-11-14,0.39250369
2014-11-17,0.384594745
2014-11-18,0.388906427
2014-11-19,0.408256792
2014-11-20,0.39410036
2014-11-21,0.397911209
2014-11-24,0.368171645
2014-11-25,0.388518856
2014-11-26,0.403709815
2014-11-28,0.368255078
2014-12-01,0.375379996
2014-12-02,0.392803974
2014-12-03,0.40523418
2014-12-04,0.393391853
2014-12-05,0.376662673
2014-12-08,0.389248324
2014-12-09,0.376547082
2014-12-10,0.414184328
2014-12-11,0.370983492
2014-12-12,0.412041473
2014-12-15,0.371311067
2014-12-16,0.369141565
2014-12-17,0.393855204
2014-12-18,0.356262389
2014-12-19,0.36259265
2014-12-22,0.353497842
2014-12-23,0.34612253
2014-12-24,0.367299567
2014-12-26,0.385223277
2014-12-29,0.377912689
2014-12-30,0.393444369
2014-12-31,0.422316567
2015-01-02,0.396344314
2015-01-05,0.439579428
2015-01-06,0.427564304
2015-01-07,0.408869746
2015-01-08,0.382549567
2015-01-09,0.427926163
2015-01-12,0.421050836
2015-01-13,0.403434515
2015-01-14,0.428628952
2015-01-15,0.438354765
2015-01-16,0.413191739
2015-01-20,0.406132828
2015-01-21,0.417358955
2015-01-22,0.393151059
2015-01-23,0.39847986
2015-01-26,0.39447787
2015-01-27,0.415547003
2015-01-28,0.399432542
2015-01-29,0.389569012
2015-01-30,0.425252815
2015-02-02,0.431074008
2015-02-03,0.401542857
2015-02-04,0.418950359
2015-02-05,0.40168427
2015-02-06,0.41791513
2015-02-09,0.412567371
2015-02-10,0.397392035
2015-02-11,0.421003179
2015-02-12,0.405082255
2015-02-13,0.400860949
2015-02-17,0.384416317
2015-02-18,0.408602742
2015-02-19,0.430727314
2015-02-20,0.409254413
2015-02-23,0.379815505
2015-02-24,0.386856228
2015-02-25,0.393383576
2015-02-26,0.392647452
2015-02-27,0.390964544
2015-03-02,0.393050752
2015-03-03,0.416967477
2015-03-04,0.418046139
2015-03-05,0.406124122
2015-03-06,0.437306204
2015-03-09,0.392025421
2015-03-10,0.416048598
2015-03-11,0.408281839
2015-03-12,0.3940272
2015-03-13,0.435879205
2015-03-16,0.381457604
2015-03-17,0.413796235
2015-03-18,0.420740708
2015-03-19,0.432580955
2015-03-20,0.407330833
2015-03-23,0.385255378
2015-03-24,0.404023136
2015-03-25,0.426293971
2015-03-26,0.410963674
2015-03-27,0.397104612
2015-03-30,0.391228001
2015-03-31,0.412077227
2015-04-01,0.412220418
2015-04-02,0.398479334
2015-04-06,0.393830381
2015-04-07,0.422460862
2015-04-08,0.415447307
2015-04-09,0.403607784
2015-04-10,0.396201697
2015-04-13,0.410255345
2015-04-14,0.421983204
2015-04-15,0.420914595
2015-04-16,0.43693327
2015-04-17,0.47002844
2015-04-20,0.405283745
2015-04-21,0.390417112
2015-04-22,0.415414053
2015-04-23,0.421431732
2015-04-24,0.420649553
2015-04-27,0.397305363
2015-04-28,0.392425764
2015-04-29,0.399647102
2015-04-30,0.423230387
2015-05-01,0.403670353
2015-05-04,0.411088855
2015-05-05,0.42682489
2015-05-06,0.433388037
2015-05-07,0.394054116
2015-05-08,0.38092995
2015-05-11,0.42413742
2015-05-12,0.433051848
2015-05-13,0.410201007
2015-05-14,0.410380787
2015-05-15,0.437070257
2015-05-18,0.427544913
2015-05-19,0.408486052
2015-05-20,0.412285748
2015-05-21,0.411811477
2015-05-22,0.414809434
2015-05-26,0.419802301
2015-05-27,0.396951534
2015-05-28,0.424644831
2015-05-29,0.446652403
2015-06-01,0.393700609
2015-06-02,0.416315516
2015-06-03,0.41190667
2015-06-04,0.429859428
2015-06-05,0.43544901
2015-06-08,0.398093524
2015-06-09,0.388403219
2015-06-10,0.39108779
2015-06-11,0.398022172
2015-06-12,0.437458727
2015-06-15,0.428515888
2015-06-16,0.412913044
2015-06-17,0.414396363
2015-06-18,0.392956968
2015-06-19,0.426264723
2015-06-22,0.388841377
2015-06-23,0.396099636
2015-06-24,0.409667942
2015-06-25,0.405292609
2015-06-26,0.402175398
2015-06-29,0.437908359
2015-06-30,0.448341472
2015-07-01,0.426969544
2015-07-02,0.447393189
2015-07-06,0.427760236
2015-07-07,0.406109549
2015-07-08,0.411577567
2015-07-09,0.356848883
2015-07-10,0.401404068
2015-07-13,0.412881063
2015-07-14,0.418734347
2015-07-15,0.424573506
2015-07-16,0.410219015
2015-07-17,0.419569939
2015-07-20,0.409040272
2015-07-21,0.422091344
2015-07-22,0.430951225
2015-07-23,0.41136821
2015-07-24,0.392952006
2015-07-27,0.377974399
2015-07-28,0.371115999
2015-07-29,0.390449742
2015-07-30,0.408493232
2015-07-31,0.414557402
2015-08-03,0.409111105
2015-08-04,0.366307078
2015-08-05,0.401164061
2015-08-06,0.386378871
2015-08-07,0.417334096
2015-08-10,0.393317181
2015-08-11,0.408701983
2015-08-12,0.396455389
2015-08-13,0.427726805
2015-08-14,0.42419234
2015-08-17,0.438906421
2015-08-18,0.42133722
2015-08-19,0.438126734
2015-08-20,0.431575418
2015-08-21,0.440896734
2015-08-24,0.42694424
2015-08-25,0.431428741
2015-08-26,0.463384696
2015-08-27,0.44951543
2015-08-28,0.46544935
2015-08-31,0.474038891
2015-09-01,0.513793484
2015-09-02,0.462993131
2015-09-03,0.454931867
2015-09-04,0.4805451
2015-09-08,0.445795987
2015-09-09,0.47957567
2015-09-10,0.455826689
2015-09-11,0.478371758
2015-09-14,0.469194686
2015-09-15,0.439149783
2015-09-16,0.457902066
2015-09-17,0.474562529
2015-09-18,0.506005628
2015-09-21,0.469593247
2015-09-22,0.47920721
2015-09-23,0.467162848
2015-09-24,0.451061179
2015-09-25,0.45626807
2015-09-28,0.42609255
2015-09-29,0.43869831
2015-09-30,0.456084136
2015-10-01,0.486594429
2015-10-02,0.471074036
2015-10-05,0.452516469
2015-10-06,0.452321765
2015-10-07,0.432520766
2015-10-08,0.438177726
2015-10-09,0.436253313
2015-10-12,0.443926826
2015-10-13,0.451541084
2015-10-14,0.459109359
2015-10-15,0.456829916
2015-10-16,0.462127757
2015-10-19,0.458756153
2015-10-20,0.442876506
2015-10-21,0.445496242
2015-10-22,0.401994258
2015-10-23,0.434201007
2015-10-26,0.444942099
2015-10-27,0.440911437
2015-10-28,0.427432568
2015-10-29,0.443989872
2015-10-30,0.430729295
2015-11-02,0.432327478
2015-11-03,0.436478911
2015-11-04,0.44930069
2015-11-05,0.431229299
2015-11-06,0.445625255
2015-11-09,0.464286318
2015-11-10,0.422879741
2015-11-11,0.423607052
2015-11-12,0.45869043
2015-11-13,0.444630051
2015-11-16,0.432936088
2015-11-17,0.451291481
2015-11-18,0.41754548
2015-11-19,0.431942007
2015-11-20,0.437069063
2015-11-23,0.423119416
2015-11-24,0.413855116
2015-11-25,0.422459457
2015-11-27,0.431572527
2015-11-30,0.429763736
2015-12-01,0.423868299
2015-12-02,0.43201226
2015-12-03,0.434722579
2015-12-04,0.417115481
2015-12-07,0.432052063
2015-12-08,0.430657806
2015-12-09,0.447071911
2015-12-10,0.42071607
2015-12-11,0.446561876
2015-12-14,0.402805432
2015-12-15,0.379995167
2015-12-16,0.397225823
2015-12-17,0.440758313
2015-12-18,0.454172771
2015-12-21,0.426884863
2015-12-22,0.428663893
2015-12-23,0.411390672
2015-12-24,0.429224772
2015-12-28,0.45128133
2015-12-29,0.420889004
2015-12-30,0.441124113
2015-12-31,0.475102518
2016-01-04,0.492902294
2016-01-05,0.456152762
2016-01-06,0.438569531
2016-01-07,0.441221733
2016-01-08,0.450488022
2016-01-11,0.434142169
2016-01-12,0.454451741
2016-01-13,0.479670256
2016-01-14,0.448384091
2016-01-15,0.473986609
2016-01-19,0.424265555
2016-01-20,0.437330571
2016-01-21,0.464422006
2016-01-22,0.460116865
2016-01-25,0.489102043
2016-01-26,0.470502565
2016-01-27,0.475382678
2016-01-28,0.447429912
2016-01-29,0.442943336
2016-02-01,0.470475826
2016-02-02,0.492497694
2016-02-03,0.464938638
2016-02-04,0.455520782
2016-02-05,0.442531574
2016-02-08,0.422530303
2016-02-09,0.443606603
2016-02-10,0.470626303
2016-02-11,0.459194813
2016-02-12,0.449328101
2016-02-16,0.441889633
2016-02-17,0.440718252
2016-02-18,0.459854884
2016-02-19,0.479824669
2016-02-22,0.431894585
2016-02-23,0.444795684
2016-02-24,0.468365363
2016-02-25,0.442665183
2016-02-26,0.448091603
2016-02-29,0.443848698
2016-03-01,0.421747973
2016-03-02,0.437546088
2016-03-03,0.43668458
2016-03-04,0.437601637
2016-03-07,0.437400064
2016-03-08,0.458243687
2016-03-09,0.444190364
2016-03-10,0.463336591
2016-03-11,0.41450384
2016-03-14,0.459795405
2016-03-15,0.454868032
2016-03-16,0.460209557
2016-03-17,0.425773421
2016-03-18,0.422041812
2016-03-21,0.42319891
2016-03-22,0.425370509
2016-03-23,0.443948161
2016-03-24,0.463185743
2016-03-28,0.437740564
2016-03-29,0.453389378
2016-03-30,0.447184297
2016-03-31,0.443976628
2016-04-01,0.446000373
2016-04-04,0.444518227
2016-04-05,0.440979107
2016-04-06,0.42509224
2016-04-07,0.47403146
2016-04-08,0.450602332
2016-04-11,0.437726531
2016-04-12,0.42087427
2016-04-13,0.436222642
2016-04-14,0.430578176
2016-04-15,0.454193855
2016-04-18,0.422089382
2016-04-19,0.427862244
2016-04-20,0.414997311
2016-04-21,0.408793043
2016-04-22,0.426698913
2016-04-25,0.418551875
2016-04-26,0.412431126
2016-04-27,0.422620402
2016-04-28,0.429197891
2016-04-29,0.448883727
2016-05-02,0.42659853
2016-05-03,0.450782961
2016-05-04,0.45637519
2016-05-05,0.465035257
2016-05-06,0.43358295
2016-05-09,0.460312754
2016-05-10,0.442543808
2016-05-11,0.477911245
2016-05-12,0.44118674
2016-05-13,0.438414817
2016-05-16,0.43866066
2016-05-17,0.478400872
2016-05-18,0.463532103
2016-05-19,0.461414593
2016-05-20,0.460682532
2016-05-23,0.447003722
2016-05-24,0.401199678
2016-05-25,0.433918686
2016-05-26,0.443469037
2016-05-27,0.423957934
2016-05-31,0.441097889
2016-06-01,0.432036017
2016-06-02,0.420858444
2016-06-03,0.457608375
2016-06-06,0.422348863
2016-06-07,0.412988518
2016-06-08,0.408115827
2016-06-09,0.428690604
2016-06-10,0.47027715
2016-06-13,0.441381754
2016-06-14,0.418567198
2016-06-15,0.434682536
2016-06-16,0.431125148
2016-06-17,0.446232976
2016-06-20,0.393791396
2016-06-21,0.406908674
2016-06-22,0.412466429
2016-06-23,0.411952727
2016-06-24,0.465282666
2016-06-27,0.410988343
2016-06-28,0.426925255
2016-06-29,0.434962923
2016-06-30,0.419785885
2016-07-01,0.416265653
2016-07-05,0.445242048
2016-07-06,0.411286057
2016-07-07,0.431302767
2016-07-08,0.397013867
2016-07-11,0.401994426
2016-07-12,0.398662425
2016-07-13,0.403261087
2016-07-14,0.398326558
2016-07-15,0.410285164
2016-07-18,0.389320565
2016-07-19,0.402348439
2016-07-20,0.40348852
2016-07-21,0.405975887
2016-07-22,0.411136806
2016-07-25,0.389420843
2016-07-26,0.393701839
2016-07-27,0.397989919
2016-07-28,0.407462151
2016-07-29,0.420351401
2016-08-01,0.412735916
2016-08-02,0.430008849
2016-08-03,0.441997473
2016-08-04,0.425060358
2016-08-05,0.423369264
2016-08-08,0.412822614
2016-08-09,0.414925274
2016-08-10,0.41924128
2016-08-11,0.400013855
2016-08-12,0.416645413
2016-08-15,0.391054114
2016-08-16,0.412726958
2016-08-17,0.404956434
2016-08-18,0.414598369
2016-08-19,0.41795889
2016-08-22,0.384853955
2016-08-23,0.390311503
2016-08-24,0.418052512
2016-08-25,0.422938803
2016-08-26,0.434989747
2016-08-29,0.409401255
2016-08-30,0.421011862
2016-08-31,0.417392502
2016-09-01,0.433967347
2016-09-02,0.426141065
2016-09-06,0.44193152
2016-09-07,0.456691563
2016-09-08,0.441089756
2016-09-09,0.485356719
2016-09-12,0.415889648
2016-09-13,0.472376338
2016-09-14,0.454349323
2016-09-15,0.436488888
2016-09-16,0.49259321
2016-09-19,0.441445844
2016-09-20,0.469373356
2016-09-21,0.447373808
2016-09-22,0.434221221
2016-09-23,0.449445484
2016-09-26,0.459214743
2016-09-27,0.433278513
2016-09-28,0.480763302
2016-09-29,0.481161475
2016-09-30,0.41216523
2016-10-03,0.491606415
2016-10-04,0.486275774
2016-10-05,0.464550019
2016-10-06,0.451760501
2016-10-07,0.466306106
2016-10-10,0.4131082
2016-10-11,0.487976858
2016-10-12,0.438016719
2016-10-13,0.457915958
2016-10-14,0.458850301
2016-10-17,0.442259435
2016-10-18,0.457746061
2016-10-19,0.466571758
2016-10-20,0.476144813
2016-10-21,0.461491872
2016-10-24,0.459779302
2016-10-25,0.438076327
2016-10-26,0.459614305
2016-10-27,0.450341972
2016-10-28,0.438511916
2016-10-31,0.451038452
2016-11-01,0.450684385
2016-11-02,0.444756685
2016-11-03,0.455304361
2016-11-04,0.442731454
2016-11-07,0.410896123
2016-11-08,0.430407188
2016-11-09,0.445400568
2016-11-10,0.442384091
2016-11-11,0.432582518
2016-11-14,0.432129312
2016-11-15,0.424198164
2016-11-16,0.452437324
2016-11-17,0.44950317
2016-11-18,0.454071576
2016-11-21,0.433355365
2016-11-22,0.433620013
2016-11-23,0.434332568
2016-11-25,0.462713568
2016-11-28,0.420242203
2016-11-29,0.418964479
2016-11-30,0.44724199
2016-12-01,0.447618817
2016-12-02,0.436378386
2016-12-05,0.423944715
2016-12-06,0.425363096
2016-12-07,0.42450339
2016-12-08,0.420890007
2016-12-09,0.414544693
2016-12-12,0.425341742
2016-12-13,0.425956979
2016-12-14,0.462885028
2016-12-15,0.443190281
2016-12-16,0.448954818
2016-12-19,0.417452952
2016-12-20,0.415901409
2016-12-21,0.436414751
2016-12-22,0.437704966
2016-12-23,0.431496871
2016-12-27,0.443987141
2016-12-28,0.471166345
2016-12-29,0.455021694
2016-12-30,0.462483771
2017-01-03,0.419044074
2017-01-04,0.447651229
2017-01-05,0.456314381
2017-01-06,0.432638321
2017-01-09,0.44501412
2017-01-10,0.446320571
2017-01-11,0.454319234
2017-01-12,0.438331391
2017-01-13,0.458904586
2017-01-17,0.454038612
2017-01-18,0.435874903
2017-01-19,0.441959069
2017-01-20,0.436632488
2017-01-23,0.431358973
2017-01-24,0.427471226
2017-01-25,0.428454691
2017-01-26,0.426885818
2017-01-27,0.44171405
2017-01-30,0.419890131
2017-01-31,0.428198711
2017-02-01,0.442320684
2017-02-02,0.422788563
2017-02-03,0.436298438
2017-02-06,0.441742456
2017-02-07,0.460393048
2017-02-08,0.438992756
2017-02-09,0.447449751
2017-02-10,0.435258083
2017-02-13,0.422552206
2017-02-14,0.423784902
2017-02-15,0.439635395
2017-02-16,0.440638017
2017-02-17,0.436034067
2017-02-21,0.422297486
2017-02-22,0.427524674
2017-02-23,0.441064097
2017-02-24,0.426958122
2017-02-27,0.434017558
2017-02-28,0.43135493
2017-03-01,0.40271095
2017-03-02,0.458811711
2017-03-03,0.472739996
2017-03-06,0.443608724
2017-03-07,0.464110637
2017-03-08,0.447573817
2017-03-09,0.438602312
2017-03-10,0.43778325
2017-03-13,0.439502967
2017-03-14,0.446125997
2017-03-15,0.45151805
2017-03-16,0.448376468
2017-03-17,0.468815015
2017-03-20,0.436212842
2017-03-21,0.445827578
2017-03-22,0.413405892
2017-03-23,0.435438708
2017-03-24,0.443039819
2017-03-27,0.420953291
2017-03-28,0.419241324
2017-03-29,0.448391711
2017-03-30,0.447035932
2017-03-31,0.44170979
2017-04-03,0.468471902
2017-04-04,0.430860153
2017-04-05,0.447498081
2017-04-06,0.443262496
2017-04-07,0.43378735
2017-04-10,0.44331705
2017-04-11,0.456264872
2017-04-12,0.419695229
2017-04-13,0.433157833
2017-04-17,0.437827158
2017-04-18,0.480253146
2017-04-19,0.462372295
2017-04-20,0.45363212
2017-04-21,0.464717939
2017-04-24,0.399983938
2017-04-25,0.432501904
2017-04-26,0.446437632
2017-04-27,0.448391925
2017-04-28,0.45972748
2017-05-01,0.457717321
2017-05-02,0.450856824
2017-05-03,0.446220731
2017-05-04,0.455712338
2017-05-05,0.430111819
2017-05-08,0.43444199
2017-05-09,0.428232476
2017-05-10,0.430030356
2017-05-11,0.418803691
2017-05-12,0.448229203
2017-05-15,0.427285829
2017-05-16,0.438618889
2017-05-17,0.441798696
2017-05-18,0.431309978
2017-05-19,0.421303519
2017-05-22,0.401591109
2017-05-23,0.406205353
2017-05-24,0.406951138
2017-05-25,0.401791387
2017-05-26,0.395214203
2017-05-30,0.396819448
2017-05-31,0.415669343
2017-06-01,0.41176641
2017-06-02,0.39486666
2017-06-05,0.42711514
2017-06-06,0.421426721
2017-06-07,0.41780087
2017-06-08,0.41576724
2017-06-09,0.430200758
2017-06-12,0.393552982
2017-06-13,0.44041644
2017-06-14,0.454407391
2017-06-15,0.430378851
2017-06-16,0.447624983
2017-06-19,0.417100841
2017-06-20,0.424535294
2017-06-21,0.420796956
2017-06-22,0.422974597
2017-06-23,0.427506742
2017-06-26,0.417956668
2017-06-27,0.416977416
2017-06-28,0.406576196
2017-06-29,0.432566526
2017-06-30,0.412161331
2017-07-03,0.415519636
2017-07-05,0.391467275
2017-07-06,0.412950349
2017-07-07,0.41142997
2017-07-10,0.440324654
2017-07-11,0.431296779
2017-07-12,0.412462264
2017-07-13,0.426097791
2017-07-14,0.413885968
2017-07-17,0.42463602
2017-07-18,0.440038777
2017-07-19,0.434789254
2017-07-20,0.427214467
2017-07-21,0.412826811
2017-07-24,0.38487519
2017-07-25,0.402832322
2017-07-26,0.423717577
2017-07-27,0.434130384
2017-07-28,0.417921255
2017-07-31,0.391138812
2017-08-01,0.392661261
2017-08-02,0.39494799
2017-08-03,0.396441546
2017-08-04,0.401827095
2017-08-07,0.398231164
2017-08-08,0.405327106
2017-08-09,0.39949057
2017-08-10,0.39269888
2017-08-11,0.400711846
2017-08-14,0.406275254
2017-08-15,0.415967044
2017-08-16,0.404187854
2017-08-17,0.437991899
2017-08-18,0.42503069
2017-08-21,0.390280189
2017-08-22,0.39030999
2017-08-23,0.409688255
2017-08-24,0.395916275
2017-08-25,0.419787667
2017-08-28,0.413433771
2017-08-29,0.421705373
2017-08-30,0.424532862
2017-08-31,0.43465614
2017-09-01,0.436810761
2017-09-05,0.418397116
2017-09-06,0.413845288
2017-09-07,0.412572161
2017-09-08,0.410666547
2017-09-11,0.387100878
2017-09-12,0.42141478
2017-09-13,0.410813587
2017-09-14,0.417555293
2017-09-15,0.419786116
2017-09-18,0.391772344
2017-09-19,0.392476939
2017-09-20,0.408270665
2017-09-21,0.389327729
2017-09-22,0.383795067
2017-09-25,0.387631198
2017-09-26,0.389115935
2017-09-27,0.402368126
2017-09-28,0.403038732
2017-09-29,0.400527667
2017-10-02,0.406005084
2017-10-03,0.403984125
2017-10-04,0.396939808
2017-10-05,0.404193997
2017-10-06,0.431491239
2017-10-09,0.406523453
2017-10-10,0.404306704
2017-10-11,0.410020578
2017-10-12,0.395998424
2017-10-13,0.379596732
2017-10-16,0.38531509
2017-10-17,0.401742273
2017-10-18,0.397128499
2017-10-19,0.405627869
2017-10-20,0.397406208
2017-10-23,0.394107791
2017-10-24,0.379048563
2017-10-25,0.408204703
2017-10-26,0.38588221
2017-10-27,0.373216966
2017-10-30,0.397257513
2017-10-31,0.404548927
2017-11-01,0.404969574
2017-11-02,0.41991359
2017-11-03,0.409575791
2017-11-06,0.413734141
2017-11-07,0.424560197
2017-11-08,0.393730275
2017-11-09,0.389472846
2017-11-10,0.37356908
2017-11-13,0.37116031
2017-11-14,0.352842816
2017-11-15,0.350469432
2017-11-16,0.356192247
2017-11-17,0.385371248
2017-11-20,0.341090094
2017-11-21,0.342631602
2017-11-22,0.360925968
2017-11-24,0.338535756
2017-11-27,0.360858812
2017-11-28,0.340461482
2017-11-29,0.346608248
2017-11-30,0.350456391
2017-12-01,0.384371096
2017-12-04,0.354491545
2017-12-05,0.356842374
2017-12-06,0.3660326
2017-12-07,0.360674045
2017-12-08,0.361940858
2017-12-11,0.358350123
2017-12-12,0.359852995
2017-12-13,0.353006855
2017-12-14,0.359296639
2017-12-15,0.35207941
2017-12-18,0.352538048
2017-12-19,0.342625974
2017-12-20,0.375862849
2017-12-21,0.366569286
2017-12-22,0.383272716
2017-12-26,0.398047583
2017-12-27,0.356079325
2017-12-28,0.370436122
2017-12-29,0.391725726
2018-01-02,0.358659427
2018-01-03,0.36173135
2018-01-04,0.379651787
2018-01-05,0.376492587
2018-01-08,0.382067355
2018-01-09,0.376747911
2018-01-10,0.380225896
2018-01-11,0.360009055
2018-01-12,0.380577883
2018-01-16,0.372070203
2018-01-17,0.360791031
2018-01-18,0.360226916
2018-01-19,0.364108703
2018-01-22,0.3305551
2018-01-23,0.354173705
2018-01-24,0.353702892
2018-01-25,0.352210282
2018-01-26,0.339765572
2018-01-29,0.354521991
2018-01-30,0.341564501
2018-01-31,0.362764087
2018-02-01,0.360813899
2018-02-02,0.370625458
2018-02-05,0.379318849
2018-02-06,0.418813133
2018-02-07,0.392754888
2018-02-08,0.422434767
2018-02-09,0.398705388
2018-02-12,0.417383561
2018-02-13,0.413468598
2018-02-14,0.409501864
2018-02-15,0.407739207
2018-02-16,0.397864577
2018-02-20,0.393641156
2018-02-21,0.418555325
2018-02-22,0.408430623
2018-02-23,0.388439457
2018-02-26,0.369524794
2018-02-27,0.400323961
2018-02-28,0.39930316
2018-03-01,0.424326187
2018-03-02,0.412245454
2018-03-05,0.398803395
2018-03-06,0.420584869
2018-03-07,0.432697616
2018-03-08,0.409719595
2018-03-09,0.386553706
2018-03-12,0.435474989
2018-03-13,0.441725926
2018-03-14,0.436696866
2018-03-15,0.410976624
2018-03-16,0.406716742
2018-03-19,0.429742542
2018-03-20,0.406459812
2018-03-21,0.418607969
2018-03-22,0.421783003
2018-03-23,0.433509228
2018-03-26,0.425434076
2018-03-27,0.447237739
2018-03-28,0.43599267
2018-03-29,0.421633445
2018-04-02,0.454455228
2018-04-03,0.432859386
2018-04-04,0.426617069
2018-04-05,0.426213889
2018-04-06,0.477097594
2018-04-09,0.41135719
2018-04-10,0.438804874
2018-04-11,0.454881145
2018-04-12,0.436537941
2018-04-13,0.440381254
2018-04-16,0.420742579
2018-04-17,0.414632038
2018-04-18,0.418295491
2018-04-19,0.435713984
2018-04-20,0.431034019
2018-04-23,0.420143082
2018-04-24,0.449121982
2018-04-25,0.452212597
2018-04-26,0.432441287
2018-04-27,0.414847136
2018-04-30,0.42668688
2018-05-01,0.43025656
2018-05-02,0.418075286
2018-05-03,0.422479602
2018-05-04,0.423300767
2018-05-07,0.420294453
2018-05-08,0.427668656
2018-05-09,0.413022318
2018-05-10,0.426655834
2018-05-11,0.416560065
2018-05-14,0.430681057
2018-05-15,0.442138769
2018-05-16,0.422995728
2018-05-17,0.444272136
2018-05-18,0.42684213
2018-05-21,0.426560314
2018-05-22,0.432232618
2018-05-23,0.43913683
2018-05-24,0.449490614
2018-05-25,0.430207364
2018-05-29,0.451674585
2018-05-30,0.41544526
2018-05-31,0.446178718
2018-06-01,0.427262669
2018-06-04,0.423654303
2018-06-05,0.444178026
2018-06-06,0.417672905
2018-06-07,0.434915996
2018-06-08,0.443660653
2018-06-11,0.427976506
2018-06-12,0.410424096
2018-06-13,0.451950466
2018-06-14,0.444742874
2018-06-15,0.438161526
2018-06-18,0.427017492
2018-06-19,0.435070909
2018-06-20,0.43689466
2018-06-21,0.443744832
2018-06-22,0.409716902
2018-06-25,0.43498132
2018-06-26,0.430593943
2018-06-27,0.446382232
2018-06-28,0.435326023
2018-06-29,0.433990533
2018-07-02,0.432672165
2018-07-03,0.430650092
2018-07-05,0.436160935
2018-07-06,0.415793794
2018-07-09,0.438094458
2018-07-10,0.423025795
2018-07-11,0.434277867
2018-07-12,0.407567919
2018-07-13,0.424010115
2018-07-16,0.434195588
2018-07-17,0.455126761
2018-07-18,0.418787259
2018-07-19,0.440081423
2018-07-20,0.424740737
2018-07-23,0.406855524
2018-07-24,0.404956366
2018-07-25,0.411537924
2018-07-26,0.399653234
2018-07-27,0.399813234
2018-07-30,0.395287821
2018-07-31,0.400889374
2018-08-01,0.409216781
2018-08-02,0.394403398
2018-08-03,0.411971174
2018-08-06,0.402296302
2018-08-07,0.39906205
2018-08-08,0.402708789
2018-08-09,0.407078743
2018-08-10,0.422790007
2018-08-13,0.420324902
2018-08-14,0.408222957
2018-08-15,0.420970935
2018-08-16,0.389177553
2018-08-17,0.415841586
2018-08-20,0.402199631
2018-08-21,0.401938096
2018-08-22,0.402945815
2018-08-23,0.402500395
2018-08-24,0.39291943
2018-08-27,0.395960318
2018-08-28,0.40243437
2018-08-29,0.410019597
2018-08-30,0.428323312
2018-08-31,0.425852063
2018-09-04,0.40793481
2018-09-05,0.393477664
2018-09-06,0.391742625
2018-09-07,0.415157525
2018-09-10,0.426191806
2018-09-11,0.385127012
2018-09-12,0.412938015
2018-09-13,0.403668231
2018-09-14,0.392790467
2018-09-17,0.425656179
2018-09-18,0.394042575
2018-09-19,0.389525072
2018-09-20,0.401492019
2018-09-21,0.429212044
2018-09-24,0.39062303
2018-09-25,0.385310682
2018-09-26,0.397648123
2018-09-27,0.373774791
2018-09-28,0.397763054
2018-10-01,0.381175934
2018-10-02,0.399148733
2018-10-03,0.411943005
2018-10-04,0.411822955
2018-10-05,0.397385538
2018-10-08,0.380631091
2018-10-09,0.393601157
2018-10-10,0.399704135
2018-10-11,0.39536758
2018-10-12,0.434084808
2018-10-15,0.418943839
2018-10-16,0.38910406
2018-10-17,0.414719629
2018-10-18,0.414964385
2018-10-19,0.41511105
2018-10-22,0.400998336
2018-10-23,0.396488374
2018-10-24,0.427342485
2018-10-25,0.401267065
2018-10-26,0.413576734
2018-10-29,0.398753107
2018-10-30,0.382259245
2018-10-31,0.413647426
2018-11-01,0.412549148
2018-11-02,0.446350981
2018-11-05,0.393047174
2018-11-06,0.40523664
2018-11-07,0.397721008
2018-11-08,0.408624632
2018-11-09,0.40663392
2018-11-12,0.403696598
2018-11-13,0.411928213
2018-11-14,0.400895827
2018-11-15,0.406066295
2018-11-16,0.413744472
2018-11-19,0.376248302
2018-11-20,0.382089634
2018-11-21,0.417513667
2018-11-23,0.423969072
2018-11-26,0.413214485
2018-11-27,0.404161737
2018-11-28,0.432847198
2018-11-29,0.439272809
2018-11-30,0.433296919
2018-12-03,0.404002027
2018-12-04,0.421298748
2018-12-06,0.407808201
2018-12-07,0.435783815
2018-12-10,0.378044376
2018-12-11,0.402324685
2018-12-12,0.387920656
2018-12-13,0.402136124
2018-12-14,0.406526181
2018-12-17,0.402537916
2018-12-18,0.410975259
2018-12-19,0.437996335
2018-12-20,0.414743705
2018-12-21,0.409249362
2018-12-24,0.4277408
2018-12-26,0.45510742
2018-12-27,0.471026396
2018-12-28,0.450825639
2018-12-31,0.447223167
2019-01-02,0.482258696
2019-01-03,0.462776787
2019-01-04,0.443922203
2019-01-07,0.453709563
2019-01-08,0.451862996
2019-01-09,0.466265795
2019-01-10,0.452927489
2019-01-11,0.461464175
2019-01-14,0.45922926
2019-01-15,0.456361952
2019-01-16,0.457716246
2019-01-17,0.468120248
2019-01-18,0.457520395
2019-01-22,0.428778292
2019-01-23,0.431434087
2019-01-24,0.429370573
2019-01-25,0.417002273
2019-01-28,0.433483018
2019-01-29,0.423230404
2019-01-30,0.43094706
2019-01-31,0.417916737
2019-02-01,0.432837679
2019-02-04,0.427349142
2019-02-05,0.434037726
2019-02-06,0.4406807
2019-02-07,0.449229455
2019-02-08,0.444657974
2019-02-11,0.410361816
2019-02-12,0.41097392
2019-02-13,0.429148793
2019-02-14,0.449330466
2019-02-15,0.419259976
2019-02-19,0.405681499
2019-02-20,0.433829617
2019-02-21,0.435948105
2019-02-22,0.414608312
2019-02-25,0.402778491
2019-02-26,0.436199933
2019-02-27,0.436160933
2019-02-28,0.428611109
2019-03-01,0.432004735
2019-03-04,0.425424362
2019-03-05,0.425534895
2019-03-06,0.482174921
2019-03-07,0.477602121
2019-03-08,0.453461438
2019-03-11,0.443549757
2019-03-12,0.450529439
2019-03-13,0.432314464
2019-03-14,0.43150121
2019-03-15,0.437207485
2019-03-18,0.436651517
2019-03-19,0.442802321
2019-03-20,0.46411351
2019-03-21,0.441359197
2019-03-22,0.445340437
2019-03-25,0.434858324
2019-03-26,0.418150375
2019-03-27,0.425702965
2019-03-28,0.420447564
2019-03-29,0.429682237
2019-04-01,0.400000205
2019-04-02,0.41067695
2019-04-03,0.396498523
2019-04-04,0.413460615
2019-04-05,0.400739867
2019-04-08,0.438380785
2019-04-09,0.437836163
2019-04-10,0.41668393
2019-04-11,0.413329909
2019-04-12,0.412939371
2019-04-15,0.400960981
2019-04-16,0.401121088
2019-04-17,0.40264799
2019-04-18,0.407545873
2019-04-22,0.40342216
2019-04-23,0.396442171
2019-04-24,0.415219775
2019-04-25,0.432309214
2019-04-26,0.414497149
2019-04-29,0.394485934
2019-04-30,0.392713932
2019-05-01,0.4075884
2019-05-02,0.40926483
2019-05-03,0.382392165
2019-05-06,0.415698963
2019-05-07,0.421404228
2019-05-08,0.410670808
2019-05-09,0.410291006
2019-05-10,0.423492587
2019-05-13,0.419037384
2019-05-14,0.420423807
2019-05-15,0.419397569
2019-05-16,0.440078359
2019-05-17,0.463386323
2019-05-20,0.419201906
2019-05-21,0.424296424
2019-05-22,0.42702913
2019-05-23,0.434489337
2019-05-24,0.443533321
2019-05-28,0.433762223
2019-05-29,0.436875327
2019-05-30,0.442364864
2019-05-31,0.455025056
2019-06-03,0.429222092
2019-06-04,0.444234879
2019-06-05,0.436803468
2019-06-06,0.425732064
2019-06-07,0.41933066
2019-06-10,0.42900463
2019-06-11,0.427217653
2019-06-12,0.430424423
2019-06-13,0.441994955
2019-06-14,0.434904775
2019-06-17,0.408897199
2019-06-18,0.375277305
2019-06-19,0.400692682
2019-06-20,0.426389029
2019-06-21,0.426155879
2019-06-24,0.433618938
2019-06-25,0.397518563
2019-06-26,0.408467625
2019-06-27,0.403991135
2019-06-28,0.397684757
2019-07-01,0.404680976
2019-07-02,0.413374381
2019-07-03,0.369263722
2019-07-05,0.429074552
2019-07-08,0.394299579
2019-07-09,0.395008273
2019-07-10,0.386879671
2019-07-11,0.388058418
2019-07-12,0.395606116
2019-07-15,0.392037505
2019-07-16,0.378023375
2019-07-17,0.408526459
2019-07-18,0.420135807
2019-07-19,0.437924433
2019-07-22,0.424543477
2019-07-23,0.418681972
2019-07-24,0.406972537
2019-07-25,0.440735278
2019-07-26,0.430797515
2019-07-29,0.393661143
2019-07-30,0.41465546
2019-07-31,0.427294977
2019-08-01,0.428041422
2019-08-02,0.429891885
2019-08-05,0.426661161
2019-08-06,0.436041591
2019-08-07,0.447901094
2019-08-08,0.423342348
2019-08-09,0.440176213
2019-08-12,0.424509545
2019-08-13,0.415325216
2019-08-14,0.453332226
2019-08-15,0.420817995
2019-08-16,0.422214158
2019-08-19,0.408194915
2019-08-20,0.434719385
2019-08-21,0.411911517
2019-08-22,0.4255389
2019-08-23,0.468871117
2019-08-26,0.418623441
2019-08-27,0.42335028
2019-08-28,0.420442895
2019-08-29,0.413043413
2019-08-30,0.44089143
2019-09-03,0.441008835
2019-09-04,0.40388544
2019-09-05,0.408715157
2019-09-06,0.415885549
2019-09-09,0.420456297
2019-09-10,0.41991744
2019-09-11,0.417609069
2019-09-12,0.423266203
2019-09-13,0.42109208
2019-09-16,0.430683696
2019-09-17,0.435117334
2019-09-18,0.450168686
2019-09-19,0.44346152
2019-09-20,0.457076479
2019-09-23,0.42747883
2019-09-24,0.418510146
2019-09-25,0.401699051
2019-09-26,0.405758698
2019-09-27,0.417310139
2019-09-30,0.37582255
2019-10-01,0.395180335
2019-10-02,0.406431917
2019-10-03,0.408613749
2019-10-04,0.417775331
2019-10-07,0.407421336
2019-10-08,0.417540644
2019-10-09,0.398611124
2019-10-10,0.416704473
2019-10-11,0.402998043
2019-10-14,0.434897051
2019-10-15,0.433857014
2019-10-16,0.405418215
2019-10-17,0.432070944
2019-10-18,0.428249881
2019-10-21,0.411886262
2019-10-22,0.426552423
2019-10-23,0.416392907
2019-10-24,0.422678902
2019-10-25,0.462804464
2019-10-28,0.418665403
2019-10-29,0.427210933
2019-10-30,0.441827252
2019-10-31,0.452065306
2019-11-01,0.434020031
2019-11-04,0.410867463
2019-11-05,0.41190333
2019-11-06,0.397406659
2019-11-07,0.400258443
2019-11-08,0.424019174
2019-11-11,0.435015219
2019-11-12,0.429752989
2019-11-13,0.442319536
2019-11-14,0.431208956
2019-11-15,0.436792269
2019-11-18,0.423370458
2019-11-19,0.422310301
2019-11-20,0.4351328
2019-11-21,0.43133292
2019-11-22,0.417131246
2019-11-25,0.381546985
2019-11-26,0.390529917
2019-11-27,0.395141154
2019-11-29,0.422284336
2019-12-02,0.406087015
2019-12-03,0.396628945
2019-12-04,0.399313531
2019-12-05,0.410275843
2019-12-06,0.416479911
2019-12-09,0.407991969
2019-12-10,0.413869937
2019-12-11,0.426127152
2019-12-12,0.432924917
2019-12-13,0.470428479
2019-12-16,0.412800749
2019-12-17,0.405531823
2019-12-18,0.418749397
2019-12-19,0.455340692
2019-12-20,0.46602796
2019-12-23,0.436724312
2019-12-24,0.478467628
2019-12-26,0.469282325
2019-12-27,0.433384331
2019-12-30,0.441638316
2019-12-31,0.433969248
2020-01-02,0.428803072
2020-01-03,0.440180539
2020-01-06,0.401543172
2020-01-07,0.400915862
2020-01-08,0.387896624
2020-01-09,0.410326563
2020-01-10,0.42833749
2020-01-13,0.413372762
2020-01-14,0.416143037
2020-01-15,0.425518499
2020-01-16,0.426727372
2020-01-17,0.438130213
2020-01-21,0.43171173
2020-01-22,0.437938368
2020-01-23,0.432879961
2020-01-24,0.459844613
2020-01-27,0.424057009
2020-01-28,0.436453142
2020-01-29,0.449500972
2020-01-30,0.437035116
2020-01-31,0.424568808
2020-02-03,0.408135676
2020-02-04,0.389275776
2020-02-05,0.410363147
2020-02-06,0.418594873
2020-02-07,0.430927906
2020-02-10,0.409941981
2020-02-11,0.424073492
2020-02-12,0.408969195
2020-02-13,0.423862929
2020-02-14,0.432181529
2020-02-18,0.408374413
2020-02-19,0.416881131
2020-02-20,0.425312149
2020-02-21,0.420910095
2020-02-24,0.381210883
2020-02-25,0.39385871
2020-02-26,0.398890185
2020-02-27,0.361877929
2020-02-28,0.380413312
2020-03-02,0.448495727
2020-03-03,0.456905167
2020-03-04,0.420300314
2020-03-05,0.44253285
2020-03-06,0.452161801
2020-03-09,0.416464937
2020-03-10,0.418249764
2020-03-11,0.439414689
2020-03-12,0.377596444
2020-03-13,0.390935849
2020-03-16,0.372537161
2020-03-17,0.352457656
2020-03-18,0.35420916
2020-03-19,0.353334648
2020-03-20,0.411403847
2020-03-23,0.3665712
2020-03-24,0.402207845
2020-03-25,0.461185225
2020-03-26,0.480941064
2020-03-27,0.482825713
2020-03-30,0.472740019
2020-03-31,0.49741658
2020-04-01,0.511401083
2020-04-02,0.485221466
2020-04-03,0.506475156
2020-04-06,0.446698113
2020-04-07,0.48211029
2020-04-08,0.501114445
2020-04-09,0.488574222
2020-04-13,0.493959663
2020-04-14,0.477697023
2020-04-15,0.511512069
2020-04-16,0.504736232
2020-04-17,0.463644344
2020-04-20,0.449046555
2020-04-21,0.46829086
2020-04-22,0.457185807
2020-04-23,0.451655107
2020-04-24,0.439758551
2020-04-27,0.432131936
2020-04-28,0.440943986
2020-04-29,0.445037697
2020-04-30,0.457728695
2020-05-01,0.483067174
2020-05-04,0.463196665
2020-05-05,0.454598004
2020-05-06,0.473473687
2020-05-07,0.457290729
2020-05-08,0.440816505
2020-05-11,0.475091389
2020-05-12,0.465780025
2020-05-13,0.466984727
2020-05-14,0.48185044
2020-05-15,0.483523898
2020-05-18,0.432606521
2020-05-19,0.476807537
2020-05-20,0.462761493
2020-05-21,0.494047534
2020-05-22,0.511715411
2020-05-26,0.471375616
2020-05-27,0.477079175
2020-05-28,0.491484664
2020-05-29,0.522603238
2020-06-01,0.470529178
2020-06-02,0.480475162
2020-06-03,0.441142682
2020-06-04,0.476278126
2020-06-05,0.452095031
2020-06-08,0.461516229
2020-06-09,0.473334427
2020-06-10,0.466881331
2020-06-11,0.477234659
2020-06-12,0.49703272
2020-06-15,0.496211338
2020-06-16,0.483345739
2020-06-17,0.500161257
2020-06-18,0.512573693
2020-06-19,0.525397343
2020-06-22,0.469189496
2020-06-23,0.481550717
2020-06-24,0.481992708
2020-06-25,0.45603534
2020-06-26,0.457969086
2020-06-29,0.457301938
2020-06-30,0.447183036
2020-07-01,0.436339335
2020-07-02,0.460283929
2020-07-06,0.444107003
2020-07-07,0.450926773
2020-07-08,0.472420827
2020-07-09,0.467951773
2020-07-10,0.442933669
2020-07-13,0.441933443
2020-07-14,0.409960831
2020-07-15,0.446398945
2020-07-16,0.452120342
2020-07-17,0.45815672
2020-07-20,0.434332031
2020-07-21,0.425049732
2020-07-22,0.440696709
2020-07-23,0.443137421
2020-07-24,0.429317221
2020-07-27,0.4329753
2020-07-28,0.420639979
2020-07-29,0.454181892
2020-07-30,0.4520949
2020-07-31,0.454495632
2020-08-03,0.466477673
2020-08-04,0.460278951
2020-08-05,0.462651362
2020-08-06,0.47327344
2020-08-07,0.434108571
2020-08-10,0.407575082
2020-08-11,0.397686408
2020-08-12,0.407709275
2020-08-13,0.427763798
2020-08-14,0.429964672
2020-08-17,0.39818897
2020-08-18,0.392576247
2020-08-19,0.416979139
2020-08-20,0.422101387
2020-08-21,0.419865164
2020-08-24,0.397553504
2020-08-25,0.394405206
2020-08-26,0.381933882
2020-08-27,0.398853649
2020-08-28,0.410140011
2020-08-31,0.385337935
2020-09-01,0.386905915
2020-09-02,0.369099938
2020-09-03,0.354969841
2020-09-04,0.359817553
2020-09-08,0.397076608
2020-09-09,0.393625539
2020-09-10,0.426149807
2020-09-11,0.42054671
2020-09-14,0.426550049
2020-09-15,0.420530519
2020-09-16,0.408921796
2020-09-17,0.438437677
2020-09-18,0.441944622
2020-09-21,0.427333128
2020-09-22,0.417135118
2020-09-23,0.426979064
2020-09-24,0.429497968
2020-09-25,0.4219781
2020-09-28,0.402646927
2020-09-29,0.401702221
2020-09-30,0.408528753
2020-10-01,0.431616188
2020-10-02,0.447377323
2020-10-05,0.395018741
2020-10-06,0.43060809
2020-10-07,0.405003265
2020-10-08,0.406563839
2020-10-09,0.396785151
2020-10-12,0.366112294
2020-10-13,0.405843857
2020-10-14,0.387859707
2020-10-15,0.388902809
2020-10-16,0.411402397
2020-10-19,0.404272164
2020-10-20,0.410681793
2020-10-21,0.399035211
2020-10-22,0.404690673
2020-10-23,0.408917405
2020-10-26,0.402949666
2020-10-27,0.41042092
2020-10-28,0.402697317
2020-10-29,0.418546477
2020-10-30,0.435695653
2020-11-02,0.400921443
2020-11-03,0.411049406
2020-11-04,0.395382333
2020-11-05,0.423484983
2020-11-06,0.416941431
2020-11-09,0.379177633
2020-11-10,0.399240722
2020-11-11,0.398528792
2020-11-12,0.449154766
2020-11-13,0.431061175
2020-11-16,0.414970879
2020-11-17,0.440555518
2020-11-18,0.41699903
2020-11-19,0.438597304
2020-11-20,0.43808489
2020-11-23,0.388784321
2020-11-24,0.380915774
2020-11-25,0.413173987
2020-11-27,0.414977159
2020-11-30,0.401789637
2020-12-01,0.366608203
2020-12-02,0.412535121
2020-12-03,0.402422333
2020-12-04,0.403976418
2020-12-07,0.416135628
2020-12-08,0.416284698
2020-12-09,0.437234836
2020-12-10,0.431019058
2020-12-11,0.472777203
2020-12-14,0.436715928
2020-12-15,0.427981041
2020-12-16,0.437737344
2020-12-17,0.444472864
2020-12-18,0.450520714
2020-12-21,0.449181669
2020-12-22,0.46510987
2020-12-23,0.451074162
2020-12-24,0.441172974
2020-12-28,0.409053397
2020-12-29,0.417682676
2020-12-30,0.442029558
2020-12-31,0.45650826
2021-01-04,0.465562722
2021-01-05,0.446168982
2021-01-06,0.441688119
2021-01-07,0.450175834
2021-01-08,0.479805546
2021-01-11,0.45456852
2021-01-12,0.463180448
2021-01-13,0.439149982
2021-01-14,0.440268949
2021-01-15,0.416522384
2021-01-19,0.396686695
2021-01-20,0.408720544
2021-01-21,0.41109771
2021-01-22,0.415470217
2021-01-25,0.402619119
2021-01-26,0.40523971
2021-01-27,0.36541219
2021-01-28,0.408175214
2021-01-29,0.417017615
2021-02-01,0.409924399
2021-02-02,0.383751697
2021-02-03,0.380814164
2021-02-04,0.380610332
2021-02-05,0.382364539
2021-02-08,0.387615775
2021-02-09,0.364790678
2021-02-10,0.405530952
2021-02-11,0.414285769
2021-02-12,0.44476052
2021-02-16,0.408136124
2021-02-17,0.397114709
2021-02-18,0.423573948
2021-02-19,0.414264642
2021-02-22,0.384687338
2021-02-23,0.370895386
2021-02-24,0.39650693
2021-02-25,0.420006746
2021-02-26,0.415919522
2021-03-01,0.394959868
2021-03-02,0.397454602
2021-03-03,0.404127081
2021-03-04,0.403865485
2021-03-05,0.394712549
2021-03-08,0.38891448
2021-03-09,0.422894007
2021-03-10,0.447456571
2021-03-11,0.437867205
2021-03-12,0.443326043
2021-03-15,0.414321992
2021-03-16,0.40672797
2021-03-17,0.425854383
2021-03-18,0.447205024
2021-03-19,0.469951175
2021-03-22,0.400128288
2021-03-23,0.407436345
2021-03-24,0.434725087
2021-03-25,0.438218254
2021-03-26,0.435690693
2021-03-29,0.411596158
2021-03-30,0.41540133
2021-03-31,0.442057708
2021-04-01,0.406996698
2021-04-05,0.412063503
2021-04-06,0.412020871
2021-04-07,0.409672683
2021-04-08,0.439302854
2021-04-09,0.44310993
2021-04-12,0.40707734
2021-04-13,0.424502885
2021-04-14,0.425656557
2021-04-15,0.432918304
2021-04-16,0.422348394
2021-04-19,0.40930971
2021-04-20,0.410874936
2021-04-21,0.435992103
2021-04-22,0.422279814
2021-04-23,0.428797689
2021-04-26,0.423273074
2021-04-27,0.432578615
2021-04-28,0.429590621
2021-04-29,0.427656602
2021-04-30,0.426760519
2021-05-03,0.4385442
2021-05-04,0.406691256
2021-05-05,0.406959297
2021-05-06,0.437333218
2021-05-07,0.423297928
2021-05-10,0.409661734
2021-05-11,0.377100998
2021-05-12,0.428311848
2021-05-13,0.395907589
2021-05-14,0.425860699
2021-05-17,0.433235384
2021-05-18,0.419389609
2021-05-19,0.444595276
2021-05-20,0.431950142
2021-05-21,0.443989046
2021-05-24,0.411965663
2021-05-25,0.43634348
2021-05-26,0.425839425
2021-05-27,0.423225513
2021-05-28,0.410119038
2021-06-01,0.418424852
2021-06-02,0.428626909
2021-06-03,0.409328272
2021-06-04,0.43562792
2021-06-07,0.452820214
2021-06-08,0.434831082
2021-06-09,0.443416401
2021-06-10,0.42499637
2021-06-11,0.420221433
2021-06-14,0.433898029
2021-06-15,0.432242861
2021-06-16,0.445773101
2021-06-17,0.453555189
2021-06-18,0.464562731
2021-06-21,0.41932066
2021-06-22,0.421861572
2021-06-23,0.431000799
2021-06-24,0.396983325
2021-06-25,0.423890814
2021-06-28,0.416912405
2021-06-29,0.410182559
2021-06-30,0.40922545
2021-07-01,0.423323355
2021-07-02,0.426306589
2021-07-06,0.449439952
2021-07-07,0.469890943
2021-07-08,0.439612673
2021-07-09,0.459131723
2021-07-12,0.447246822
2021-07-13,0.468117894
2021-07-14,0.468457919
2021-07-15,0.443977618
2021-07-16,0.463285593
2021-07-19,0.426508937
2021-07-20,0.440778099
2021-07-21,0.442984193
2021-07-22,0.448709834
2021-07-23,0.422310495
2021-07-26,0.408972431
2021-07-27,0.423059642
2021-07-28,0.443500842
2021-07-29,0.421904697
2021-07-30,0.441515176
2021-08-02,0.418589689
2021-08-03,0.425054117
2021-08-04,0.437831732
2021-08-05,0.425625907
2021-08-06,0.439932155
2021-08-09,0.451273474
2021-08-10,0.428041899
2021-08-11,0.421676084
2021-08-12,0.421209755
2021-08-13,0.411401792
2021-08-16,0.434353576
2021-08-17,0.445766464
2021-08-18,0.431168187
2021-08-19,0.434962062
2021-08-20,0.454889648
2021-08-23,0.421556173
2021-08-24,0.405214593
2021-08-25,0.403862037
2021-08-26,0.403216459
2021-08-27,0.373149217
2021-08-30,0.414144639
2021-08-31,0.396572861
2021-09-01,0.408922341
2021-09-02,0.38040638
2021-09-03,0.403815445
2021-09-07,0.427300177
2021-09-08,0.427533055
2021-09-09,0.416553408
2021-09-10,0.429447644
2021-09-13,0.420348504
2021-09-14,0.421660705
2021-09-15,0.400181657
2021-09-16,0.431010268
2021-09-17,0.475449091
2021-09-20,0.416729416
2021-09-21,0.404851196
2021-09-22,0.402889951
2021-09-23,0.399108238
2021-09-24,0.445732203
2021-09-27,0.42607409
2021-09-28,0.431506123
2021-09-29,0.433488724
2021-09-30,0.443721549
2021-10-01,0.436923822
2021-10-04,0.426011134
2021-10-05,0.430663895
2021-10-06,0.442434163
2021-10-07,0.430294668
2021-10-08,0.44285503
2021-10-11,0.449473501
2021-10-12,0.44813805
2021-10-13,0.454995643
2021-10-14,0.454325748
2021-10-15,0.446876655
2021-10-18,0.418579799
2021-10-19,0.442371646
2021-10-20,0.420691285
2021-10-21,0.409531962
2021-10-22,0.440216171
2021-10-25,0.417529059
2021-10-26,0.419487074
2021-10-27,0.441287567
2021-10-28,0.437918796
2021-10-29,0.440606242
2021-11-01,0.451484152
2021-11-02,0.459712732
2021-11-03,0.47209917
2021-11-04,0.4646994
2021-11-05,0.444130686
2021-11-08,0.448681938
2021-11-09,0.441316758
2021-11-10,0.442347187
2021-11-11,0.462736407
2021-11-12,0.432312885
2021-11-15,0.436879481
2021-11-16,0.423909607
2021-11-17,0.425528881
2021-11-18,0.414392046
2021-11-19,0.443445649
2021-11-22,0.418504863
2021-11-23,0.42677688
2021-11-24,0.442082379
2021-11-26,0.463402641
2021-11-29,0.426338806
2021-11-30,0.449047587
2021-12-01,0.441924189
2021-12-02,0.435693688
2021-12-03,0.445907755
2021-12-06,0.444494047
2021-12-07,0.444953179
2021-12-08,0.458234472
2021-12-09,0.471094981
2021-12-10,0.467118681
2021-12-13,0.470136849
2021-12-14,0.458814025
2021-12-15,0.465386067
2021-12-16,0.472012354
2021-12-17,0.457356561
2021-12-20,0.416639457
2021-12-21,0.446712303
2021-12-22,0.435220527
2021-12-23,0.436613843
2021-12-27,0.450629685
2021-12-28,0.421802627
2021-12-29,0.434654117
2021-12-30,0.40528604
2021-12-31,0.440838584
2022-01-03,0.425695469
2022-01-04,0.431366281
2022-01-05,0.422883116
2022-01-06,0.417267186
2022-01-07,0.429433336
2022-01-10,0.417976512
2022-01-11,0.432765387
2022-01-12,0.449847377
2022-01-13,0.443244085
2022-01-14,0.424451477
2022-01-18,0.455096744
2022-01-19,0.451466182
2022-01-20,0.435430746
2022-01-21,0.432200918
2022-01-24,0.372045552
2022-01-25,0.470391681
2022-01-26,0.514029647
2022-01-27,0.496007718
2022-01-28,0.464757484
2022-01-31,0.508378777
2022-02-01,0.509548553
2022-02-02,0.483121003
2022-02-03,0.478788947
2022-02-04,0.488386104
2022-02-07,0.462809733
2022-02-08,0.48758019
2022-02-09,0.502830815
2022-02-10,0.541069348
2022-02-11,0.511218758
2022-02-14,0.509472879
2022-02-15,0.502501797
2022-02-16,0.5013181
2022-02-17,0.489856491
2022-02-18,0.500916649
2022-02-22,0.442498365
2022-02-23,0.488323159
2022-02-24,0.448356841
2022-02-25,0.491601015
2022-02-28,0.52282707
2022-03-01,0.505223888
2022-03-02,0.481144543
2022-03-03,0.478448028
2022-03-04,0.485995638
2022-03-07,0.421401409
2022-03-08,0.436689126
2022-03-09,0.469414436
2022-03-10,0.497223454
2022-03-11,0.516606349
2022-03-14,0.48074919
2022-03-15,0.480654826
2022-03-16,0.489180524
2022-03-17,0.505566176
2022-03-18,0.546801692
2022-03-21,0.502968777
2022-03-22,0.489930267
2022-03-23,0.503608163
2022-03-24,0.470998159
2022-03-25,0.497448966
2022-03-28,0.491187708
2022-03-29,0.473442442
2022-03-30,0.500846218
2022-03-31,0.472040171
2022-04-01,0.464507679
2022-04-04,0.480126474
2022-04-05,0.486490576
2022-04-06,0.43574657
2022-04-07,0.458783838
2022-04-08,0.445417664
2022-04-11,0.434598632
2022-04-12,0.45128172
2022-04-13,0.446688571
2022-04-14,0.472800994
2022-04-18,0.460027216
2022-04-19,0.453338384
2022-04-20,0.447257555
2022-04-21,0.424449262
2022-04-22,0.43804502
2022-04-25,0.419435004
2022-04-26,0.452093776
2022-04-27,0.43452842
2022-04-28,0.452059167
2022-04-29,0.463525741
2022-05-02,0.460253312
2022-05-03,0.461064097
2022-05-04,0.486519375
2022-05-05,0.496485387
2022-05-06,0.470822195
2022-05-09,0.416092571
2022-05-10,0.440103212
2022-05-11,0.454009627
2022-05-12,0.418991336
2022-05-13,0.452951599
2022-05-16,0.520181529
2022-05-17,0.511165271
2022-05-18,0.497528517
2022-05-19,0.455813318
2022-05-20,0.484341167
2022-05-23,0.469911501
2022-05-24,0.491073367
2022-05-25,0.471711243
2022-05-26,0.492320256
2022-05-27,0.529465832
2022-05-31,0.528174639
2022-06-01,0.522602753
2022-06-02,0.50283609
2022-06-03,0.551115095
2022-06-06,0.52417442
2022-06-07,0.51410493
2022-06-08,0.515737551
2022-06-09,0.512626684
2022-06-10,0.5081973
2022-06-13,0.44655703
2022-06-14,0.436955601
2022-06-15,0.449546294
2022-06-16,0.475153784
2022-06-17,0.454624208
2022-06-21,0.433336992
2022-06-22,0.461613531
2022-06-23,0.468583036
2022-06-24,0.441837864
2022-06-27,0.488713442
2022-06-28,0.509305796
2022-06-29,0.511520137
2022-06-30,0.541679782
2022-07-01,0.534950217
2022-07-05,0.516023401
2022-07-06,0.497191013
2022-07-07,0.480003948
2022-07-08,0.503567305
2022-07-11,0.532128497
2022-07-12,0.495168409
2022-07-13,0.501310978
2022-07-14,0.505842921
2022-07-15,0.490103707
2022-07-18,0.480944775
2022-07-19,0.481162299
2022-07-20,0.503466467
2022-07-21,0.494381064
2022-07-22,0.50931184
2022-07-25,0.489093933
2022-07-26,0.487950407
2022-07-27,0.497792739
2022-07-28,0.497819626
2022-07-29,0.495726486
2022-08-01,0.50836711
2022-08-02,0.467869224
2022-08-03,0.477041254
2022-08-04,0.478231909
2022-08-05,0.463686342
2022-08-08,0.458111543
2022-08-09,0.47223897
2022-08-10,0.46365954
2022-08-11,0.484128609
2022-08-12,0.463624893
2022-08-15,0.501805491
2022-08-16,0.485001992
2022-08-17,0.476647595
2022-08-18,0.477397509
2022-08-19,0.494378617
2022-08-22,0.473479207
2022-08-23,0.494982836
2022-08-24,0.46892546
2022-08-25,0.481028311
2022-08-26,0.500701212
2022-08-29,0.499673622
2022-08-30,0.491986795
2022-08-31,0.487476413
2022-09-01,0.448094005
2022-09-02,0.485669778
2022-09-06,0.463983464
2022-09-07,0.460074382
2022-09-08,0.478798452
2022-09-09,0.469398394
2022-09-12,0.494356281
2022-09-13,0.541210773
2022-09-14,0.519673959
2022-09-15,0.504068315
2022-09-16,0.47408679
2022-09-19,0.442535167
2022-09-20,0.440409765
2022-09-21,0.464089707
2022-09-22,0.454412553
2022-09-23,0.403258476
2022-09-26,0.408453917
2022-09-27,0.415090421
2022-09-28,0.438250687
2022-09-29,0.492240324
2022-09-30,0.485621154
2022-10-03,0.438659797
2022-10-04,0.437946001
2022-10-05,0.502053576
2022-10-06,0.493806088
2022-10-07,0.511243702
2022-10-10,0.43124535
2022-10-11,0.426283585
2022-10-12,0.429823452
2022-10-13,0.437273333
2022-10-14,0.463913345
2022-10-17,0.408653445
2022-10-18,0.455133715
2022-10-19,0.474157733
2022-10-20,0.485549209
2022-10-21,0.454509439
2022-10-24,0.477125711
2022-10-25,0.458664761
2022-10-26,0.464216775
2022-10-27,0.453380882
2022-10-28,0.441571413
2022-10-31,0.455119157
2022-11-01,0.418206869
2022-11-02,0.456903736
2022-11-03,0.442476334
2022-11-04,0.425302772
2022-11-07,0.449860845
2022-11-08,0.438959737
2022-11-09,0.457834732
2022-11-10,0.420307795
2022-11-11,0.453650721
2022-11-14,0.472318585
2022-11-15,0.482390721
2022-11-16,0.482085071
2022-11-17,0.489121913
2022-11-18,0.472603319
2022-11-21,0.466491961
2022-11-22,0.465819289
2022-11-23,0.458326718
2022-11-25,0.468926403
2022-11-28,0.466243562
2022-11-29,0.462188311
2022-11-30,0.461297351
2022-12-01,0.458334845
2022-12-02,0.46847423
2022-12-05,0.454775743
2022-12-06,0.464994468
2022-12-07,0.450609273
2022-12-08,0.452356206
2022-12-09,0.449248526
2022-12-12,0.456993846
2022-12-13,0.445057672
2022-12-14,0.459757095
2022-12-15,0.501029267
2022-12-16,0.517453125
2022-12-19,0.45425578
2022-12-20,0.442716652
2022-12-21,0.465673223
2022-12-22,0.44194361
2022-12-23,0.449819432
2022-12-27,0.4460695
2022-12-28,0.448998113
2022-12-29,0.456796899
2022-12-30,0.461439482
2023-01-03,0.477050861
2023-01-04,0.45888584
2023-01-05,0.488033321
2023-01-06,0.461425521
2023-01-09,0.476952806
2023-01-10,0.486042136
2023-01-11,0.460793528
2023-01-12,0.4755813
2023-01-13,0.474118116
2023-01-17,0.493349744
2023-01-18,0.50342078
2023-01-19,0.504830629
2023-01-20,0.501410503
2023-01-23,0.513954574
2023-01-24,0.5221391
2023-01-25,0.522990565
2023-01-26,0.522095498
2023-01-27,0.543984916
2023-01-30,0.542099928
2023-01-31,0.517233026
2023-02-01,0.527188315
2023-02-02,0.500070702
2023-02-03,0.527832063
2023-02-06,0.551623941
2023-02-07,0.527080973
2023-02-08,0.536595096
2023-02-09,0.530125377
2023-02-10,0.525003784
2023-02-13,0.516691437
2023-02-14,0.54988422
2023-02-15,0.529611457
2023-02-16,0.507684421
2023-02-17,0.524248006
2023-02-21,0.516926012
2023-02-22,0.481706962
2023-02-23,0.486952585
2023-02-24,0.525538172
2023-02-27,0.483622603
2023-02-28,0.475276657
2023-03-01,0.478121231
2023-03-02,0.459328333
2023-03-03,0.467277846
2023-03-06,0.466480419
2023-03-07,0.496999144
2023-03-08,0.479967108
2023-03-09,0.466369643
2023-03-10,0.473246085
2023-03-13,0.441049336
2023-03-14,0.474233539
2023-03-15,0.487018994
2023-03-16,0.45458342
2023-03-17,0.502736419
2023-03-20,0.491014101
2023-03-21,0.493235373
2023-03-22,0.498565498
2023-03-23,0.504943055
2023-03-24,0.510261969
2023-03-27,0.520251915
2023-03-28,0.514786506
2023-03-29,0.504407084
2023-03-30,0.480296411
2023-03-31,0.492480199
2023-04-03,0.490994962
2023-04-04,0.470589218
2023-04-05,0.452153775
2023-04-06,0.461051863
2023-04-10,0.477617711
2023-04-11,0.449320951
2023-04-12,0.483437835
2023-04-13,0.461465262
2023-04-14,0.471222849
2023-04-17,0.489707584
2023-04-18,0.476270235
2023-04-19,0.490984188
2023-04-20,0.486569984
2023-04-21,0.470428247
2023-04-24,0.480196201
2023-04-25,0.468065752
2023-04-26,0.471587336
2023-04-27,0.457275641
2023-04-28,0.465810154
2023-05-01,0.498236408
2023-05-02,0.500867479
2023-05-03,0.487180163
2023-05-04,0.488308254
2023-05-05,0.473095119
2023-05-08,0.502736335
2023-05-09,0.501476088
2023-05-10,0.497475855
2023-05-11,0.503267032
2023-05-12,0.511241015
2023-05-15,0.488141921
2023-05-16,0.495933598
2023-05-17,0.502528589
2023-05-18,0.525198158
2023-05-19,0.538550828
2023-05-22,0.489279516
2023-05-23,0.505060814
2023-05-24,0.474842613
2023-05-25,0.43113412
2023-05-26,0.461793392
2023-05-30,0.490158331
2023-05-31,0.514473353
2023-06-01,0.489020747
2023-06-02,0.497241306
2023-06-05,0.49254015
2023-06-06,0.479119015
2023-06-07,0.489384406
2023-06-08,0.481753145
2023-06-09,0.520983051
2023-06-12,0.495377124
2023-06-13,0.491858973
2023-06-14,0.488067762
2023-06-15,0.487024942
2023-06-16,0.490220808
2023-06-20,0.528999835
2023-06-21,0.517141174
2023-06-22,0.483588897
2023-06-23,0.49409264
2023-06-26,0.499506441
2023-06-27,0.472938546
2023-06-28,0.491589806
2023-06-29,0.476133642
2023-06-30,0.463527782
2023-07-03,0.505612972
2023-07-05,0.522595649
2023-07-06,0.494861406
2023-07-07,0.469273824
2023-07-10,0.502351845
2023-07-11,0.452987593
2023-07-12,0.448044404
2023-07-13,0.460738727
2023-07-14,0.489932017
2023-07-17,0.508712914
2023-07-18,0.485273677
2023-07-19,0.500260093
2023-07-20,0.494513742
2023-07-21,0.509952637
2023-07-24,0.458545034
2023-07-25,0.483709257
2023-07-26,0.472660093
2023-07-27,0.468204674
2023-07-28,0.471267021
2023-07-31,0.466741589
2023-08-01,0.474663987
2023-08-02,0.477887747
2023-08-03,0.481813832
2023-08-04,0.482509971
2023-08-07,0.45915327
2023-08-08,0.45727935
2023-08-09,0.473733133
2023-08-10,0.473545455
2023-08-11,0.488148413
2023-08-14,0.482248
2023-08-15,0.51327588
2023-08-16,0.491934129
2023-08-17,0.471091089
2023-08-18,0.450954767
2023-08-21,0.483872644
2023-08-22,0.477669274
2023-08-23,0.465417711
2023-08-24,0.494221274
2023-08-25,0.480344901
2023-08-28,0.481200147
2023-08-29,0.450350992
2023-08-30,0.483556235
2023-08-31,0.484340408
2023-09-01,0.499054632
2023-09-05,0.468290973
2023-09-06,0.485181654
2023-09-07,0.474193581
2023-09-08,0.483468739
2023-09-11,0.457164587
2023-09-12,0.518739844
2023-09-13,0.519864248
2023-09-14,0.508651763
2023-09-15,0.545708465
2023-09-18,0.501510136
2023-09-19,0.486782365
2023-09-20,0.46947213
2023-09-21,0.457566522
2023-09-22,0.489441637
2023-09-25,0.463103544
2023-09-26,0.462608864
2023-09-27,0.449887538
2023-09-28,0.450785007
2023-09-29,0.468311757
2023-10-02,0.49940317
2023-10-03,0.504353095
2023-10-04,0.479258543
2023-10-05,0.479216381
2023-10-06,0.486708482
2023-10-09,0.472604602
2023-10-10,0.440223331
2023-10-11,0.472149461
2023-10-12,0.464901471
2023-10-13,0.486846355
2023-10-16,0.477225166
2023-10-17,0.506293731
2023-10-18,0.494551312
2023-10-19,0.48017079
2023-10-20,0.48473699
2023-10-23,0.465827161
2023-10-24,0.465680076
2023-10-25,0.472784784
2023-10-26,0.447654009
2023-10-27,0.467682566
2023-10-30,0.447904321
2023-10-31,0.454211127
2023-11-01,0.474113602
2023-11-02,0.467813663
2023-11-03,0.466694503
2023-11-06,0.484845667
2023-11-07,0.464031139
2023-11-08,0.493948269
2023-11-09,0.495440788
2023-11-10,0.478614331
2023-11-13,0.483705904
2023-11-14,0.482345748
2023-11-15,0.496600281
2023-11-16,0.475208913
2023-11-17,0.466346359
2023-11-20,0.496678247
2023-11-21,0.48609825
2023-11-22,0.493234309
2023-11-24,0.468837429
2023-11-27,0.469841206
2023-11-28,0.46484373
2023-11-29,0.479999385
2023-11-30,0.480282058
2023-12-01,0.455256042
2023-12-04,0.481103227
2023-12-05,0.481099458
2023-12-06,0.497798134
2023-12-07,0.482117771
2023-12-08,0.50372091
2023-12-11,0.506667297
2023-12-12,0.48558628
2023-12-13,0.467661949
2023-12-14,0.442841334
2023-12-15,0.497397601
2023-12-18,0.460731298
2023-12-19,0.480335151
2023-12-20,0.470612851
2023-12-21,0.49016849
2023-12-22,0.491753475
2023-12-26,0.478673575
2023-12-27,0.496139826
2023-12-28,0.477002835
2023-12-29,0.480969264
2024-01-02,0.471481641
2024-01-03,0.467314412
2024-01-04,0.459307353
2024-01-05,0.484792751
2024-01-08,0.478412979
2024-01-09,0.498849184
2024-01-10,0.506314829
2024-01-11,0.501500527
2024-01-12,0.498369487
2024-01-16,0.477996844
2024-01-17,0.472816856
2024-01-18,0.481645719
2024-01-19,0.478296345
2024-01-22,0.46911114
2024-01-23,0.462471928
2024-01-24,0.45142651
2024-01-25,0.460029582
2024-01-26,0.469593207
2024-01-29,0.461513705
2024-01-30,0.465536867
2024-01-31,0.457498137
2024-02-01,0.49090983
2024-02-02,0.464099737
2024-02-05,0.465562396
2024-02-06,0.446628662
2024-02-07,0.468879225
2024-02-08,0.452738689
2024-02-09,0.475702702
2024-02-12,0.467036712
2024-02-13,0.493937196
2024-02-14,0.478080418
2024-02-15,0.448105624
2024-02-16,0.459300361
2024-02-20,0.443368166
2024-02-21,0.449879861
2024-02-22,0.441398219
2024-02-23,0.463327913
2024-02-26,0.445974031
2024-02-27,0.459909944
2024-02-28,0.447764032
2024-02-29,0.445261275
2024-03-01,0.453191118
2024-03-04,0.460339059
2024-03-05,0.454489865
2024-03-06,0.446694751
2024-03-07,0.443545184
2024-03-08,0.418139823
2024-03-11,0.409970211
2024-03-12,0.474931396
2024-03-13,0.469174938
2024-03-14,0.46844851
2024-03-15,0.446685408
2024-03-18,0.425227152
2024-03-19,0.45713618
2024-03-20,0.452646226
2024-03-21,0.434008001
2024-03-22,0.438148645
2024-03-25,0.446022571
2024-03-26,0.456226002
2024-03-27,0.449162712
2024-03-28,0.427490736
2024-04-01,0.444614284
2024-04-02,0.456158061
2024-04-03,0.427714659
2024-04-04,0.43935428
2024-04-05,0.451382459
2024-04-08,0.453071695
2024-04-09,0.439267577
2024-04-10,0.479334845
2024-04-11,0.450663713
2024-04-12,0.471468432
2024-04-15,0.424585721
2024-04-16,0.430801037
2024-04-17,0.446668825
2024-04-18,0.417805142
2024-04-19,0.408815117
2024-04-22,0.416301192
2024-04-23,0.452811112
2024-04-24,0.496064329
2024-04-25,0.466612271
2024-04-26,0.472428968
2024-04-29,0.484013032
2024-04-30,0.495154765
2024-05-01,0.468262152
2024-05-02,0.4728234
2024-05-03,0.451935405
2024-05-06,0.473499833
2024-05-07,0.460189589
2024-05-08,0.454921994
2024-05-09,0.459874155
2024-05-10,0.459002654
2024-05-13,0.4498165
2024-05-14,0.454321096
2024-05-15,0.46519045
2024-05-16,0.472574901
2024-05-17,0.489487992
2024-05-20,0.466976011
2024-05-21,0.467108392
2024-05-22,0.475649167
2024-05-23,0.445064006
2024-05-24,0.450635353
2024-05-28,0.42897957
2024-05-29,0.4332755
2024-05-30,0.43148724
2024-05-31,0.450919759
2024-06-03,0.461096124
2024-06-04,0.458379591
2024-06-05,0.443689714
2024-06-06,0.459468495
2024-06-07,0.455679135
2024-06-10,0.467218679
2024-06-11,0.456912392
2024-06-12,0.45834319
2024-06-13,0.459001254
2024-06-14,0.469034902
2024-06-17,0.472862775
2024-06-18,0.465744947
2024-06-20,0.447614439
2024-06-21,0.451803886
2024-06-24,0.447634966
2024-06-25,0.47001546
2024-06-26,0.475173622
2024-06-27,0.460893361
2024-06-28,0.470092735
2024-07-01,0.464530664
2024-07-02,0.489531721
2024-07-03,0.484247419
2024-07-05,0.48114154
2024-07-08,0.488268586
2024-07-09,0.502972422
2024-07-10,0.504827255
2024-07-11,0.511470072
2024-07-12,0.482546408
2024-07-15,0.503033465
2024-07-16,0.4819731
2024-07-17,0.464617595
2024-07-18,0.475066626
2024-07-19,0.517329364
2024-07-22,0.464267829
2024-07-23,0.491145292
2024-07-24,0.478499435
2024-07-25,0.427890209
2024-07-26,0.459859761
2024-07-29,0.484486259
2024-07-30,0.449814213
2024-07-31,0.464807321
2024-08-01,0.485122153
2024-08-02,0.482403661
2024-08-05,0.445702043
2024-08-06,0.466295085
2024-08-07,0.476325182
2024-08-08,0.457532425
2024-08-09,0.492143803
2024-08-12,0.48741984
2024-08-13,0.473616699
2024-08-14,0.479641796
2024-08-15,0.470605548
2024-08-16,0.504620468
2024-08-19,0.531404574
2024-08-20,0.526105439
2024-08-21,0.501559177
2024-08-22,0.526939286
2024-08-23,0.50038189
2024-08-26,0.531137227
2024-08-27,0.518444086
2024-08-28,0.511033284
2024-08-29,0.513963457
2024-08-30,0.490352526
2024-09-03,0.508833359
2024-09-04,0.510252135
2024-09-05,0.534751946
2024-09-06,0.516022455
2024-09-09,0.470037187
2024-09-10,0.504246664
2024-09-11,0.526058889
2024-09-12,0.514694029
2024-09-13,0.501451438
2024-09-16,0.445293196
2024-09-17,0.459692268
2024-09-18,0.500387237
2024-09-19,0.469593653
2024-09-20,0.52698196
2024-09-23,0.477929534
2024-09-24,0.460431162
2024-09-25,0.47535456
2024-09-26,0.458989278
2024-09-27,0.458956889
2024-09-30,0.449861531
2024-10-01,0.455955719
2024-10-02,0.453793708
2024-10-03,0.4735931
2024-10-04,0.460311226
2024-10-07,0.47102971
2024-10-08,0.461256904
2024-10-09,0.480291749
2024-10-10,0.505544533
2024-10-11,0.480797672
2024-10-14,0.441735337
2024-10-15,0.453072615
2024-10-16,0.441909274
2024-10-17,0.450008401
2024-10-18,0.453636194
2024-10-21,0.45613876
2024-10-22,0.456477379
2024-10-23,0.474502251
2024-10-24,0.471842428
2024-10-25,0.503502255
2024-10-28,0.460322369
2024-10-29,0.446697004
2024-10-30,0.440976876
2024-10-31,0.425728773
2024-11-01,0.432102926
2024-11-04,0.443022219
2024-11-05,0.444372828
2024-11-06,0.423362852
2024-11-07,0.475430452
2024-11-08,0.496029547
2024-11-11,0.45708297
2024-11-12,0.456386986
2024-11-13,0.473452212
2024-11-14,0.469210235
2024-11-15,0.471762587
2024-11-18,0.432843463
2024-11-19,0.442535187
2024-11-20,0.478519322
2024-11-21,0.451502451
2024-11-22,0.48039324
2024-11-25,0.455697189
2024-11-26,0.428843355
2024-11-27,0.451346919
2024-11-29,0.382418035
2024-12-02,0.431411683
2024-12-03,0.45727832
2024-12-04,0.47199793
2024-12-05,0.434201645
2024-12-06,0.448202828
2024-12-09,0.457767252
2024-12-10,0.44932124
2024-12-11,0.475863766
2024-12-12,0.497802637
2024-12-13,0.484280262
2024-12-16,0.477366001
2024-12-17,0.463922134
2024-12-18,0.489954863
2024-12-19,0.499864194
2024-12-20,0.45776669
2024-12-23,0.452726549
2024-12-24,0.475414491
2024-12-26,0.500972826
2024-12-27,0.49175244
2024-12-30,0.430666604
2024-12-31,0.455669389
2025-01-02,0.446567944
2025-01-03,0.433337081
2025-01-06,0.47081322
2025-01-07,0.482105584
2025-01-08,0.46730079
2025-01-10,0.492211464
2025-01-13,0.443123742
2025-01-14,0.474041364
2025-01-15,0.421483845
2025-01-16,0.47356391
2025-01-17,0.447936617
2025-01-21,0.45175059
2025-01-22,0.477652918
2025-01-23,0.495792241
2025-01-24,0.480321653
2025-01-27,0.427369429
2025-01-28,0.447260757
2025-01-29,0.472362372
2025-01-30,0.493475495
2025-01-31,0.504407581
2025-02-03,0.443778752
2025-02-04,0.460774517
2025-02-05,0.485271201
2025-02-06,0.46234191
2025-02-07,0.511879951
2025-02-10,0.442826314
2025-02-11,0.439478533
2025-02-12,0.463884689
2025-02-13,0.458603606
2025-02-14,0.47187268
2025-02-18,0.454258177
2025-02-19,0.478141281
2025-02-20,0.457316631
2025-02-21,0.46200864
2025-02-24,0.429473757
2025-02-25,0.387953878
2025-02-26,0.474436508
2025-02-27,0.476989569
2025-02-28,0.459214196
2025-03-03,0.4550302
2025-03-04,0.406017673
2025-03-05,0.469839579
2025-03-06,0.467372544
2025-03-07,0.431068392
2025-03-10,0.404998665
2025-03-11,0.429714543
2025-03-12,0.485205043
2025-03-13,0.485629423
2025-03-14,0.490434182
2025-03-17,0.481698605
2025-03-18,0.489583689
2025-03-19,0.478872137
2025-03-20,0.498604268
2025-03-21,0.501462825
2025-03-24,0.474226151
2025-03-25,0.489923005
2025-03-26,0.473227781
2025-03-27,0.476969713
2025-03-28,0.48026361
2025-03-31,0.445360371
2025-04-01,0.493396979
2025-04-02,0.521978192
2025-04-03,0.510582996
2025-04-04,0.426714375
2025-04-07,0.419119735
2025-04-08,0.497709067
2025-04-09,0.457100381
2025-04-10,0.486702639
2025-04-11,0.476672546
2025-04-14,0.484153377
2025-04-15,0.472494984
2025-04-16,0.483831152
2025-04-17,0.459974551
2025-04-21,0.462352994
2025-04-22,0.45726437
2025-04-23,0.49219336
2025-04-24,0.504525651
2025-04-25,0.535630223
