Date,gex
2011-05-02,1897312571
2011-05-03,1859730656
2011-05-04,1717763845
2011-05-05,1361864280
2011-05-06,1490328626
2011-05-09,1677058729
2011-05-10,2034952131
2011-05-11,1536770885
2011-05-12,1674923266
2011-05-13,1218149462
2011-05-16,779596412.3
2011-05-17,841850592
2011-05-18,1366160182
2011-05-19,1543685365
2011-05-20,1288076424
2011-05-23,539696742.8
2011-05-24,510244377.5
2011-05-25,740695062.9
2011-05-26,794680724.9
2011-05-27,918664965.2
2011-05-31,1501018827
2011-06-01,765472910.7
2011-06-02,737054457.1
2011-06-03,405956517.9
2011-06-06,24119666.1
2011-06-07,-172403089.1
2011-06-08,-285916518
2011-06-09,-110999211.3
2011-06-10,-459227978.2
2011-06-13,-449818392.3
2011-06-14,97844618.18
2011-06-15,-618829105.2
2011-06-16,-643026779.9
2011-06-17,-444255510.6
2011-06-20,130641736.1
2011-06-21,594237200.5
2011-06-22,421966023.2
2011-06-23,673524372.9
2011-06-24,197912878.2
2011-06-27,533994908.8
2011-06-28,1000303670
2011-06-29,1263240917
2011-06-30,1731119950
2011-07-01,2019895207
2011-07-05,2204693723
2011-07-06,2236776777
2011-07-07,2729301387
2011-07-08,2490173790
2011-07-11,1737340523
2011-07-12,1533836324
2011-07-13,1957650369
2011-07-14,1650214263
2011-07-15,4176336442
2011-07-18,887183380
2011-07-19,1304589933
2011-07-20,1549113896
2011-07-21,1763114024
2011-07-22,1635847484
2011-07-25,1594831932
2011-07-26,1541061095
2011-07-27,839162001.8
2011-07-28,727984032.6
2011-07-29,634859901
2011-08-01,645133919.4
2011-08-02,54369376.39
2011-08-03,224930307.5
2011-08-04,-660360325.5
2011-08-05,-463212353.1
2011-08-08,-802754541.1
2011-08-09,-374593398
2011-08-10,-759558784.7
2011-08-11,-264886917.5
2011-08-12,-309018593.5
2011-08-15,-23047118.8
2011-08-16,-225224022.6
2011-08-17,-251705740.2
2011-08-18,-836496736.5
2011-08-19,-1187036923
2011-08-22,-361898319.4
2011-08-23,54580971.03
2011-08-24,205415735.9
2011-08-25,2799983.66
2011-08-26,137694130.1
2011-08-29,561222253.1
2011-08-30,635378251.4
2011-08-31,605715448.2
2011-09-01,320553022
2011-09-02,-15399260.06
2011-09-06,-974825.71
2011-09-07,424298106.1
2011-09-08,294110268
2011-09-09,-164918292.2
2011-09-12,-55401539.5
2011-09-13,180810962.2
2011-09-14,516499239.9
2011-09-15,924224780.5
2011-09-16,1627867630
2011-09-19,819791724.4
2011-09-20,864559001.3
2011-09-21,480322758.3
2011-09-22,42688858.26
2011-09-23,246153269.1
2011-09-26,415707524.8
2011-09-27,506709646.2
2011-09-28,303390928.7
2011-09-29,253516385.7
2011-09-30,11640191.37
2011-10-03,-220425308.1
2011-10-04,-85366095.48
2011-10-05,168193569.3
2011-10-06,401723210.3
2011-10-07,219498636.1
2011-10-10,931951102.5
2011-10-11,1128800514
2011-10-12,1326485542
2011-10-13,1378016376
2011-10-14,1783365971
2011-10-17,1329837843
2011-10-18,1784730872
2011-10-19,1070550490
2011-10-20,1012832468
2011-10-21,2347473743
2011-10-24,1158879374
2011-10-25,799720648.2
2011-10-26,1009327345
2011-10-27,1688101729
2011-10-28,1581690426
2011-10-31,1171656477
2011-11-01,562856339.8
2011-11-02,851141787.8
2011-11-03,1438676102
2011-11-04,1145431786
2011-11-07,1329564468
2011-11-08,1807110772
2011-11-09,615504956
2011-11-10,665815678.9
2011-11-11,1253845090
2011-11-14,1051690216
2011-11-15,1337630468
2011-11-16,745624770.7
2011-11-17,164520103.5
2011-11-18,-948429186.9
2011-11-21,70720556.43
2011-11-22,156201703.2
2011-11-23,-252170842.5
2011-11-25,-206203569.7
2011-11-28,250687378.9
2011-11-29,260318977.5
2011-11-30,1219948970
2011-12-01,1310091659
2011-12-02,1122010988
2011-12-05,1407537501
2011-12-06,1385127223
2011-12-07,1400280640
2011-12-08,927913416.2
2011-12-09,1452367339
2011-12-12,1022002330
2011-12-13,707628338.1
2011-12-14,182965155.9
2011-12-15,181227650.2
2011-12-16,809948927.7
2011-12-19,547980483.5
2011-12-20,1244950459
2011-12-21,1417896318
2011-12-22,1681798898
2011-12-23,1667860365
2011-12-27,1823359678
2011-12-28,1420172304
2011-12-29,1770650321
2011-12-30,1555835281
2012-01-03,2013937733
2012-01-04,2149477635
2012-01-05,2291122803
2012-01-06,2050336452
2012-01-09,2099565270
2012-01-10,2365634573
2012-01-11,2328042130
2012-01-12,2400086675
2012-01-13,2244354575
2012-01-17,2487898292
2012-01-18,2789240579
2012-01-19,3020604554
2012-01-20,5358379990
2012-01-23,1360477010
2012-01-24,1326643587
2012-01-25,2073559882
2012-01-26,1847055850
2012-01-27,1579086753
2012-01-30,1685941157
2012-01-31,1788588311
2012-02-01,1942692935
2012-02-02,1988290986
2012-02-03,2256784984
2012-02-06,2380094745
2012-02-07,2555741485
2012-02-08,2676630481
2012-02-09,2606671502
2012-02-10,2166027617
2012-02-13,2383096276
2012-02-14,2375689236
2012-02-15,1946328756
2012-02-16,2403205901
2012-02-17,3963263036
2012-02-21,1836440940
2012-02-22,1847991718
2012-02-23,2178450928
2012-02-24,2048066404
2012-02-27,2143096789
2012-02-28,2489017761
2012-02-29,2279679894
2012-03-01,2532165991
2012-03-02,2193723807
2012-03-05,1968104282
2012-03-06,1367268859
2012-03-07,1663036075
2012-03-08,2461000862
2012-03-09,2422366519
2012-03-12,2739084140
2012-03-13,3390409713
2012-03-14,3256845975
2012-03-15,3404727489
2012-03-16,4959128417
2012-03-19,2249543027
2012-03-20,2383750780
2012-03-21,2385713488
2012-03-22,2059240156
2012-03-23,1992954218
2012-03-26,2620114919
2012-03-27,2803205760
2012-03-28,2649575365
2012-03-29,2332339630
2012-03-30,2282703676
2012-04-02,2916921422
2012-04-03,3033797133
2012-04-04,2606570752
2012-04-05,2336089426
2012-04-09,2115169227
2012-04-10,1368222030
2012-04-11,1462342361
2012-04-12,1958043309
2012-04-13,1337731245
2012-04-16,1028359494
2012-04-17,2233741866
2012-04-18,2120779337
2012-04-19,1245238435
2012-04-20,1706147508
2012-04-23,888535953.6
2012-04-24,913083815.5
2012-04-25,2110801541
2012-04-26,2269777815
2012-04-27,1934055832
2012-04-30,1624605079
2012-05-01,1751590438
2012-05-02,1795486806
2012-05-03,1326585749
2012-05-04,850668974.7
2012-05-07,902222296.4
2012-05-08,710820417.3
2012-05-09,568596383
2012-05-10,631565006.1
2012-05-11,555886856.2
2012-05-14,89135534.32
2012-05-15,-125631970
2012-05-16,-417011821.9
2012-05-17,-846538042.9
2012-05-18,-672969511.1
2012-05-21,499777733.5
2012-05-22,552166197.2
2012-05-23,786423702.1
2012-05-24,756275096.2
2012-05-25,522648606.2
2012-05-29,893471034.9
2012-05-30,739225067.9
2012-05-31,705360324.2
2012-06-01,3285451.832
2012-06-04,112625048.2
2012-06-05,227443359.2
2012-06-06,917404043.8
2012-06-07,911195352.8
2012-06-08,1092349772
2012-06-11,600860582.8
2012-06-12,1002291727
2012-06-13,621053228.7
2012-06-14,853414513.5
2012-06-15,1585847555
2012-06-18,1378484206
2012-06-19,1699864261
2012-06-20,1642282374
2012-06-21,815506214.8
2012-06-22,1173714562
2012-06-25,733649453.6
2012-06-26,909516188.4
2012-06-27,1115174392
2012-06-28,812546271.5
2012-06-29,1807855816
2012-07-02,2077705972
2012-07-03,2456658031
2012-07-05,2473469808
2012-07-06,1796281207
2012-07-09,1985662005
2012-07-10,1586232703
2012-07-11,1449572893
2012-07-12,1098347662
2012-07-13,2028145543
2012-07-16,2062023144
2012-07-17,2418730699
2012-07-18,2553132550
2012-07-19,3097865785
2012-07-20,1379986328
2012-07-23,0
2012-07-24,983971321.8
2012-07-25,553912048.5
2012-07-26,1114339576
2012-07-27,1817831830
2012-07-30,2068297483
2012-07-31,2210392334
2012-08-01,1938954423
2012-08-02,1726903125
2012-08-03,2366858966
2012-08-06,2600155257
2012-08-07,2868172572
2012-08-08,2724860533
2012-08-09,2589509366
2012-08-10,2574028859
2012-08-13,2715897940
2012-08-14,2876834424
2012-08-15,2773023612
2012-08-16,3426865148
2012-08-17,4028299817
2012-08-20,2348409048
2012-08-21,2116768543
2012-08-22,2470160728
2012-08-23,2093397740
2012-08-24,2162075949
2012-08-27,2402914524
2012-08-28,2444897531
2012-08-29,2450773599
2012-08-30,1713438839
2012-08-31,2159856181
2012-09-04,2366329795
2012-09-05,2184889898
2012-09-06,3383251558
2012-09-07,3213127405
2012-09-10,2688557354
2012-09-11,2751129284
2012-09-12,3143426309
2012-09-13,4501792815
2012-09-14,4079191869
2012-09-17,4194673587
2012-09-18,4348508722
2012-09-19,4606321235
2012-09-20,4242811907
2012-09-21,8992652051
2012-09-24,2637542456
2012-09-25,1826144998
2012-09-26,1336101729
2012-09-27,2572778274
2012-09-28,2174491589
2012-10-01,2058078578
2012-10-02,2019845363
2012-10-03,2751403325
2012-10-04,2875956470
2012-10-05,2276244807
2012-10-08,1914155683
2012-10-09,1529584845
2012-10-10,1585118598
2012-10-11,1166712069
2012-10-12,1366428443
2012-10-15,1799022345
2012-10-16,2792940189
2012-10-17,2882740928
2012-10-18,2166631598
2012-10-19,-1220488013
2012-10-22,1365092477
2012-10-23,856531693.2
2012-10-24,827957147.3
2012-10-25,887952897.6
2012-10-26,869165396.4
2012-10-31,787647145.9
2012-11-01,1278333551
2012-11-02,745669691.6
2012-11-05,937015288.1
2012-11-06,1282215428
2012-11-07,-61573416.8
2012-11-08,-640365601
2012-11-09,-183459819.1
2012-11-12,-161566654.4
2012-11-13,-326649444.6
2012-11-14,-896279282.6
2012-11-15,-1064663260
2012-11-16,-902628346.3
2012-11-19,833108848.5
2012-11-20,936082158.7
2012-11-21,1074233865
2012-11-23,1285954949
2012-11-26,1489869809
2012-11-27,1195461959
2012-11-28,1458462714
2012-11-29,1966128578
2012-11-30,1462041483
2012-12-03,1319254401
2012-12-04,987939253.4
2012-12-05,619549268.3
2012-12-06,863020317.7
2012-12-07,999761409.6
2012-12-10,962073908
2012-12-11,1410736639
2012-12-12,1379685820
2012-12-13,898420939.1
2012-12-14,757602274.7
2012-12-17,1349747637
2012-12-18,2143409968
2012-12-19,1711681838
2012-12-20,1798995793
2012-12-21,867379053
2012-12-24,874452741.7
2012-12-26,589989445
2012-12-27,648806625.4
2012-12-28,313374576.4
2012-12-31,1037372986
2013-01-02,2271946220
2013-01-03,2115151899
2013-01-04,1927021354
2013-01-07,1824539135
2013-01-08,1687059848
2013-01-09,1692440459
2013-01-10,2165222550
2013-01-11,2151586355
2013-01-14,1948029763
2013-01-15,1915405615
2013-01-16,2252665999
2013-01-17,2797809460
2013-01-18,6626065505
2013-01-22,1401035800
2013-01-23,1660669631
2013-01-24,1217452162
2013-01-25,1416846845
2013-01-28,1414172221
2013-01-29,1650243399
2013-01-30,1556969383
2013-01-31,1367683606
2013-02-01,1695589833
2013-02-04,1254710706
2013-02-05,1926419295
2013-02-06,1949501493
2013-02-07,1949395995
2013-02-08,2096700652
2013-02-11,2184319610
2013-02-12,2128303103
2013-02-13,2012236679
2013-02-14,2161505360
2013-02-15,3158968729
2013-02-19,1430542182
2013-02-20,901839165.4
2013-02-21,636557388.3
2013-02-22,1110694539
2013-02-25,497996620.9
2013-02-26,703611705.5
2013-02-27,1152475464
2013-02-28,1011455334
2013-03-01,1083855995
2013-03-04,1277802650
2013-03-05,1813447358
2013-03-06,1775448595
2013-03-07,1938120444
2013-03-08,2029533964
2013-03-11,2215985844
2013-03-12,2029782455
2013-03-13,2035305643
2013-03-14,2384814339
2013-03-15,2732773146
2013-03-18,1528451777
2013-03-19,1409105595
2013-03-20,1629524132
2013-03-21,1325773175
2013-03-22,1582114581
2013-03-25,1550581124
2013-03-26,1809272038
2013-03-27,1578964435
2013-03-28,1650093772
2013-04-01,1365443736
2013-04-02,1550558952
2013-04-03,1119758894
2013-04-04,1155685835
2013-04-05,1141106496
2013-04-08,1399732049
2013-04-09,1604924734
2013-04-10,2294226793
2013-04-11,2329480018
2013-04-12,1925042270
2013-04-15,902992199.6
2013-04-16,1566200614
2013-04-17,777019262.5
2013-04-18,503583947.9
2013-04-19,750723711
2013-04-22,947228816.5
2013-04-23,1386724474
2013-04-24,1466741214
2013-04-25,1681493449
2013-04-26,1502013028
2013-04-29,1856562178
2013-04-30,2135090389
2013-05-01,1687783146
2013-05-02,2289253436
2013-05-03,2453689953
2013-05-06,2756639152
2013-05-07,2910772777
2013-05-08,3211023041
2013-05-09,2563892777
2013-05-10,2620733449
2013-05-13,2748305811
2013-05-14,2879428730
2013-05-15,2736143054
2013-05-16,2746670894
2013-05-17,3970036804
2013-05-20,2137041043
2013-05-21,2116746522
2013-05-22,1806341653
2013-05-23,1666748853
2013-05-24,1749411797
2013-05-28,1954441083
2013-05-29,1736273532
2013-05-30,2045155899
2013-05-31,1419013389
2013-06-03,1647953791
2013-06-04,1487625373
2013-06-05,893997563
2013-06-06,1055721641
2013-06-07,1726009306
2013-06-10,1692453823
2013-06-11,1203284654
2013-06-12,707890185.4
2013-06-13,1477448651
2013-06-14,1155781374
2013-06-17,1574185595
2013-06-18,1947783870
2013-06-19,1138762909
2013-06-20,-279175960
2013-06-21,-54882471.22
2013-06-24,76233882.1
2013-06-25,389026318.5
2013-06-26,687597620.7
2013-06-27,899620819
2013-06-28,811382195
2013-07-01,1155132966
2013-07-02,1284225673
2013-07-03,1354734716
2013-07-05,1485672074
2013-07-08,1653232959
2013-07-09,2140508423
2013-07-10,2121698645
2013-07-11,2988606969
2013-07-12,2598071655
2013-07-15,2713007549
2013-07-16,2634835611
2013-07-17,2787976285
2013-07-18,3046790412
2013-07-19,2857092845
2013-07-22,1920383728
2013-07-23,1832454312
2013-07-24,2046120906
2013-07-25,2170527191
2013-07-26,2149890288
2013-07-29,2130309225
2013-07-30,2240419715
2013-07-31,2152088714
2013-08-01,2960832856
2013-08-02,2776034068
2013-08-05,2846494849
2013-08-06,2631509966
2013-08-07,2346350690
2013-08-08,2245622631
2013-08-09,2136793038
2013-08-12,2401742438
2013-08-13,2711543896
2013-08-14,2445016036
2013-08-15,1669476020
2013-08-16,2338838186
2013-08-19,1379648544
2013-08-20,1345939716
2013-08-21,1174798614
2013-08-22,1662727396
2013-08-23,1709225804
2013-08-26,1605595524
2013-08-27,791502274.3
2013-08-28,951027892.2
2013-08-29,971156153.5
2013-08-30,1001314529
2013-09-03,1183103985
2013-09-04,1776313535
2013-09-05,1782870862
2013-09-06,1653462872
2013-09-09,2274653493
2013-09-10,2576588963
2013-09-11,2346433142
2013-09-12,2181373339
2013-09-13,2205509099
2013-09-16,2386111654
2013-09-17,2684242849
2013-09-18,3627666469
2013-09-19,3805889548
2013-09-20,2536299853
2013-09-23,2114650916
2013-09-24,2038456669
2013-09-25,1684992316
2013-09-26,2101622949
2013-09-27,1766952529
2013-09-30,1460209188
2013-10-01,2035874512
2013-10-02,2193522497
2013-10-03,1515364604
2013-10-04,1839688209
2013-10-07,1576608398
2013-10-08,762661447.3
2013-10-09,834789865.3
2013-10-10,2230495944
2013-10-11,2456435617
2013-10-14,2783516305
2013-10-15,2519133439
2013-10-16,3558499759
2013-10-17,4029832847
2013-10-18,4287596555
2013-10-21,2808464285
2013-10-22,2982924995
2013-10-23,2786054898
2013-10-24,3255629464
2013-10-25,2869357925
2013-10-28,3059092043
2013-10-29,3285994990
2013-10-30,3256834202
2013-10-31,2951160387
2013-11-01,2906370322
2013-11-04,3293255724
2013-11-05,3265316468
2013-11-06,3080946452
2013-11-07,1903308227
2013-11-08,3111511632
2013-11-11,3364552921
2013-11-12,3368004995
2013-11-13,4067621766
2013-11-14,4794814780
2013-11-15,8992653342
2013-11-18,2835570682
2013-11-19,2767207107
2013-11-20,2486394789
2013-11-21,3356118593
2013-11-22,3145394124
2013-11-25,3292174085
2013-11-26,3617975325
2013-11-27,3987753580
2013-11-29,3444613413
2013-12-02,3278404003
2013-12-03,3286298542
2013-12-04,3193857130
2013-12-05,3073566263
2013-12-06,3297554976
2013-12-09,3572390277
2013-12-10,3421665868
2013-12-11,2536896424
2013-12-12,2134729063
2013-12-13,2364107653
2013-12-16,2874626086
2013-12-17,2634988474
2013-12-18,3687882175
2013-12-19,3724679477
2013-12-20,3811039241
2013-12-23,3704257573
2013-12-24,3799201088
2013-12-26,4196222305
2013-12-27,3545838527
2013-12-30,3456429700
2013-12-31,3979567665
2014-01-02,3233602611
2014-01-03,3156026148
2014-01-06,3073982747
2014-01-07,3558199212
2014-01-08,3495712892
2014-01-09,3197764688
2014-01-10,3349076788
2014-01-13,2571161520
2014-01-14,3680276302
2014-01-15,4670518810
2014-01-16,4455651523
2014-01-17,6659403315
2014-01-21,1862992117
2014-01-22,2022280825
2014-01-23,1948769890
2014-01-24,848504907.4
2014-01-27,723387099.5
2014-01-28,566026371.9
2014-01-29,51709785.92
2014-01-30,748438976
2014-01-31,652137832.9
2014-02-03,52837557.11
2014-02-04,594399936.9
2014-02-05,643492161.9
2014-02-06,1025194524
2014-02-07,1539174332
2014-02-10,1873837557
2014-02-11,2608222600
2014-02-12,2512528019
2014-02-13,3280151418
2014-02-14,2897209184
2014-02-18,3050590370
2014-02-19,2272262445
2014-02-20,2566340508
2014-02-21,4893273030
2014-02-24,2002411289
2014-02-25,1916112478
2014-02-26,1836029613
2014-02-27,2712761017
2014-02-28,2323670119
2014-03-03,2003281572
2014-03-04,3173693596
2014-03-05,3271993871
2014-03-06,3274715012
2014-03-07,2850310922
2014-03-10,2874824762
2014-03-11,2736183550
2014-03-12,2787095407
2014-03-13,1336951309
2014-03-14,1391763131
2014-03-17,2116702885
2014-03-18,2955825734
2014-03-19,2415947756
2014-03-20,2907602191
2014-03-21,3500669616
2014-03-24,1986958876
2014-03-25,2407590954
2014-03-26,1754256007
2014-03-27,1526244129
2014-03-28,1962187746
2014-03-31,2328624776
2014-04-01,3081006169
2014-04-02,3401790301
2014-04-03,2940714472
2014-04-04,2013603940
2014-04-07,1358003838
2014-04-08,1661234775
2014-04-09,2738803475
2014-04-10,966310075.7
2014-04-11,738014044.6
2014-04-14,1404560181
2014-04-15,1783456308
2014-04-16,2885115088
2014-04-17,2718418737
2014-04-21,2134024745
2014-04-22,2434899809
2014-04-23,2167335122
2014-04-24,2970942878
2014-04-25,2206306342
2014-04-28,2436056150
2014-04-29,2989975293
2014-04-30,3144184951
2014-05-01,3088152773
2014-05-02,2847159602
2014-05-05,3072580210
2014-05-06,2521106238
2014-05-07,2673682623
2014-05-08,2120705836
2014-05-09,2356036961
2014-05-12,3355844369
2014-05-13,3519069240
2014-05-14,3058536325
2014-05-15,1779766612
2014-05-16,4126954414
2014-05-19,2509029956
2014-05-20,2214227300
2014-05-21,3085200323
2014-05-22,3401683874
2014-05-23,3038194133
2014-05-27,3596693816
2014-05-28,3590867017
2014-05-29,4307144100
2014-05-30,3519139554
2014-06-02,3562538753
2014-06-03,3882468328
2014-06-04,4135815009
2014-06-05,4783512497
2014-06-06,4145896016
2014-06-09,3217646461
2014-06-10,4447691188
2014-06-11,4165400666
2014-06-12,3188676525
2014-06-13,3378408132
2014-06-16,3583834370
2014-06-17,3760613245
2014-06-18,4739382562
2014-06-19,4767112308
2014-06-20,5533296861
2014-06-23,3223648289
2014-06-24,2829883828
2014-06-25,3319053378
2014-06-26,3282324698
2014-06-27,3171554110
2014-06-30,3221027742
2014-07-01,4120990242
2014-07-02,4126088536
2014-07-03,4012944457
2014-07-07,3989788225
2014-07-08,3143932635
2014-07-09,3744053861
2014-07-10,3101645010
2014-07-11,3425979404
2014-07-14,4098124772
2014-07-15,3902459928
2014-07-16,4148235185
2014-07-17,2670179546
2014-07-18,5251430846
2014-07-21,2606010805
2014-07-22,3105643754
2014-07-23,3629836833
2014-07-24,3698904675
2014-07-25,2814918712
2014-07-28,3052423508
2014-07-29,2828670056
2014-07-30,3084118200
2014-07-31,1287492125
2014-08-01,1460931261
2014-08-04,1926756189
2014-08-05,1324114522
2014-08-06,1432870393
2014-08-07,1036756007
2014-08-08,1795655354
2014-08-11,2205005857
2014-08-12,1985433896
2014-08-13,2869218348
2014-08-14,3221811088
2014-08-15,3387723209
2014-08-18,2890126431
2014-08-19,3364523180
2014-08-20,3582391013
2014-08-21,3800806026
2014-08-22,3274601002
2014-08-25,3686238658
2014-08-26,3794250968
2014-08-27,3691243014
2014-08-28,3287387735
2014-08-29,3569236749
2014-09-02,3642237657
2014-09-03,3149865492
2014-09-04,2940758523
2014-09-05,3433546164
2014-09-08,3213963364
2014-09-09,2457727705
2014-09-10,3169051486
2014-09-11,3292732697
2014-09-12,2626978851
2014-09-15,2452802610
2014-09-16,3233415804
2014-09-17,3581607332
2014-09-18,4360835085
2014-09-19,2897473748
2014-09-22,2447234601
2014-09-23,2240403438
2014-09-24,2883115197
2014-09-25,1037470765
2014-09-26,2353323447
2014-09-29,2177290317
2014-09-30,2171786419
2014-10-01,935643415
2014-10-02,1247707553
2014-10-03,2147173745
2014-10-06,2112066894
2014-10-07,895363280.2
2014-10-08,2511736122
2014-10-09,953074338.1
2014-10-10,620254341.7
2014-10-13,-54273750.21
2014-10-14,-37270045.81
2014-10-15,-354603773.8
2014-10-16,-486465586.5
2014-10-17,-80633520.04
2014-10-20,1023404620
2014-10-21,2103526248
2014-10-22,1787900920
2014-10-23,2594442773
2014-10-24,2327989816
2014-10-27,2385726729
2014-10-28,3179195992
2014-10-29,3074663577
2014-10-30,3376682924
2014-10-31,3577160779
2014-11-03,3630139427
2014-11-04,3270944516
2014-11-05,3469322234
2014-11-06,3632879930
2014-11-07,3537819511
2014-11-10,3861660865
2014-11-11,4081977023
2014-11-12,4305512921
2014-11-13,4445050754
2014-11-14,4173138282
2014-11-17,4234074307
2014-11-18,4431298841
2014-11-19,4418990250
2014-11-20,4805242277
2014-11-21,5900554345
2014-11-24,3604797468
2014-11-25,3617751182
2014-11-26,3868883158
2014-11-28,3355572302
2014-12-01,2757277218
2014-12-02,3159351786
2014-12-03,3319901057
2014-12-04,3476194763
2014-12-05,3376386658
2014-12-08,2828689149
2014-12-09,2945130438
2014-12-10,1721424126
2014-12-11,1973090997
2014-12-12,1283490316
2014-12-15,941478891.7
2014-12-16,309244442.3
2014-12-17,1672429973
2014-12-18,3712017424
2014-12-19,3945503610
2014-12-22,3231917836
2014-12-23,3385274202
2014-12-24,3273156972
2014-12-26,3242962064
2014-12-29,3379718369
2014-12-30,3006182551
2014-12-31,2250907928
2015-01-02,2392799191
2015-01-05,1322638288
2015-01-06,854915033.9
2015-01-07,1638301269
2015-01-08,3003367719
2015-01-09,2196266563
2015-01-12,1714465582
2015-01-13,1755547815
2015-01-14,1298712113
2015-01-15,435398119.3
2015-01-16,2342499306
2015-01-20,1000167524
2015-01-21,1358011058
2015-01-22,2315044769
2015-01-23,1546202422
2015-01-26,1724235572
2015-01-27,945326209.2
2015-01-28,627881136.8
2015-01-29,1317105063
2015-01-30,751991677
2015-02-02,1322390852
2015-02-03,2201656512
2015-02-04,1986466633
2015-02-05,2651176778
2015-02-06,1963229572
2015-02-09,1847549144
2015-02-10,2868205390
2015-02-11,2945871387
2015-02-12,3797748162
2015-02-13,3348754193
2015-02-17,3580823495
2015-02-18,3546470632
2015-02-19,3743935804
2015-02-20,2555134680
2015-02-23,2557206389
2015-02-24,2906097990
2015-02-25,3174532944
2015-02-26,3213568683
2015-02-27,2539460102
2015-03-02,3101129568
2015-03-03,2886065890
2015-03-04,2460770455
2015-03-05,2565651617
2015-03-06,1674265497
2015-03-09,1905671129
2015-03-10,600779581.5
2015-03-11,418278295.8
2015-03-12,1547603450
2015-03-13,1159434440
2015-03-16,2064486973
2015-03-17,1788279869
2015-03-18,3140160119
2015-03-19,2744295208
2015-03-20,2028510992
2015-03-23,2075187396
2015-03-24,1912572190
2015-03-25,590575196
2015-03-26,367453019.7
2015-03-27,831056261.4
2015-03-30,1700053108
2015-03-31,944428600.5
2015-04-01,618894196.1
2015-04-02,1074940971
2015-04-06,1735568186
2015-04-07,1689332052
2015-04-08,1804303642
2015-04-09,2314981155
2015-04-10,2375226911
2015-04-13,2170858430
2015-04-14,2422102762
2015-04-15,2975840018
2015-04-16,3052527867
2015-04-17,1202496533
2015-04-20,1894828572
2015-04-21,1813870698
2015-04-22,2385931788
2015-04-23,2683491662
2015-04-24,2417361800
2015-04-27,2273854602
2015-04-28,2418731576
2015-04-29,2082509145
2015-04-30,1075418448
2015-05-01,2190755805
2015-05-04,2471501300
2015-05-05,1496920862
2015-05-06,1009398489
2015-05-07,1264766567
2015-05-08,2526642515
2015-05-11,1982449257
2015-05-12,1623774190
2015-05-13,1675066005
2015-05-14,3502373806
2015-05-15,2079597220
2015-05-18,2556607996
2015-05-19,2571263654
2015-05-20,2549845958
2015-05-21,3339607173
2015-05-22,2362002519
2015-05-26,1434499901
2015-05-27,2592019000
2015-05-28,2372898573
2015-05-29,1367312810
2015-06-01,1676720620
2015-06-02,1764351175
2015-06-03,2192978076
2015-06-04,1362586522
2015-06-05,1246987308
2015-06-08,537458208.7
2015-06-09,633360352.4
2015-06-10,2185686640
2015-06-11,2107230797
2015-06-12,1158438209
2015-06-15,700941203.1
2015-06-16,1429825703
2015-06-17,1588681890
2015-06-18,3215023690
2015-06-19,1560110312
2015-06-22,2193443565
2015-06-23,2440180755
2015-06-24,1978176234
2015-06-25,1215758083
2015-06-26,1419688618
2015-06-29,84738566.52
2015-06-30,322708673.3
2015-07-01,954814190.2
2015-07-02,881344196.1
2015-07-06,697459847.9
2015-07-07,1103449568
2015-07-08,-299521222.8
2015-07-09,23490.725
2015-07-10,1111272375
2015-07-13,2255036451
2015-07-14,2702435254
2015-07-15,2693206592
2015-07-16,3751935769
2015-07-17,2177729779
2015-07-20,2312535032
2015-07-21,2172362608
2015-07-22,1817913776
2015-07-23,1382725581
2015-07-24,1008154404
2015-07-27,649501589.3
2015-07-28,1332451218
2015-07-29,2000721431
2015-07-30,2124567236
2015-07-31,1752550647
2015-08-03,1648021007
2015-08-04,1595999704
2015-08-05,2141108725
2015-08-06,1288588087
2015-08-07,1096237295
2015-08-10,2057165110
2015-08-11,1275863223
2015-08-12,1223058079
2015-08-13,1089861250
2015-08-14,1487209662
2015-08-17,2152341705
2015-08-18,1868365576
2015-08-19,1190144019
2015-08-20,-1030802215
2015-08-21,-700178244.1
2015-08-24,-1096251821
2015-08-25,-1268401914
2015-08-26,-531337152.8
2015-08-27,392226554.7
2015-08-28,62539277.61
2015-08-31,-260571411.5
2015-09-01,-983005883.5
2015-09-02,-358189013.5
2015-09-03,-623883188.8
2015-09-04,-855189057.2
2015-09-08,-84956480.96
2015-09-09,-560123575.2
2015-09-10,-207740543.1
2015-09-11,-9248519.23
2015-09-14,-205729261.5
2015-09-15,450945217.9
2015-09-16,867296455.5
2015-09-17,588318101.3
2015-09-18,70967074.07
2015-09-21,327056397.3
2015-09-22,-171285515
2015-09-23,-111861435.9
2015-09-24,-73621990.64
2015-09-25,-42796545.13
2015-09-28,-754863666.3
2015-09-29,-823790905.1
2015-09-30,-127505008
2015-10-01,101770360.9
2015-10-02,464894132.9
2015-10-05,1190335818
2015-10-06,1074863035
2015-10-07,1376634134
2015-10-08,1702302483
2015-10-09,1534615750
2015-10-12,1785772164
2015-10-13,1558562755
2015-10-14,1075231157
2015-10-15,2483490049
2015-10-16,1468426255
2015-10-19,1647520253
2015-10-20,1593583430
2015-10-21,1298322501
2015-10-22,2146314710
2015-10-23,2277639622
2015-10-26,2239254089
2015-10-27,2223122159
2015-10-28,3026307014
2015-10-29,3363660993
2015-10-30,2325838400
2015-11-02,3057130013
2015-11-03,3341666550
2015-11-04,3163901702
2015-11-05,3080623610
2015-11-06,2722731927
2015-11-09,2002669232
2015-11-10,2162825002
2015-11-11,2142766889
2015-11-12,936173077.9
2015-11-13,505858398
2015-11-16,1317177008
2015-11-17,1233059389
2015-11-18,3054518391
2015-11-19,3227424115
2015-11-20,2107585699
2015-11-23,2041097579
2015-11-24,2068329484
2015-11-25,2226521880
2015-11-27,2044117202
2015-11-30,1718802757
2015-12-01,2681642856
2015-12-02,1914484707
2015-12-03,762878060.2
2015-12-04,2387312599
2015-12-07,2056127766
2015-12-08,1707999374
2015-12-09,888828080.3
2015-12-10,1117329675
2015-12-11,145340174.5
2015-12-14,584071732.6
2015-12-15,1025373532
2015-12-16,2541139243
2015-12-17,1182891674
2015-12-18,296092458.4
2015-12-21,687767931.5
2015-12-22,1201747914
2015-12-23,1976328035
2015-12-24,1560467853
2015-12-28,1633583128
2015-12-29,2596642778
2015-12-30,1903021118
2015-12-31,1065685892
2016-01-04,136714596
2016-01-05,237413996.8
2016-01-06,-359510543.3
2016-01-07,-1342058199
2016-01-08,-1250644442
2016-01-11,-1243387761
2016-01-12,-764107469.4
2016-01-13,-1817006985
2016-01-14,-1177880283
2016-01-15,-375450471.3
2016-01-19,-397255911.4
2016-01-20,-498465362.8
2016-01-21,-281360365.4
2016-01-22,199434653.8
2016-01-25,-82723996.06
2016-01-26,278270955.2
2016-01-27,-216293166.1
2016-01-28,300342896.3
2016-01-29,726299406.1
2016-02-01,734733069.7
2016-02-02,305046280
2016-02-03,237203834.5
2016-02-04,252078863.8
2016-02-05,-171172029
2016-02-08,-325606961.9
2016-02-09,-304581054.2
2016-02-10,-359320306.2
2016-02-11,-534835437
2016-02-12,-67018014.69
2016-02-16,471933365.2
2016-02-17,1271543499
2016-02-18,869780396.1
2016-02-19,656853597.3
2016-02-22,1100615703
2016-02-23,679180787.1
2016-02-24,954122107.7
2016-02-25,1653544631
2016-02-26,1037595498
2016-02-29,746722928.9
2016-03-01,2060538257
2016-03-02,2241812060
2016-03-03,2448209618
2016-03-04,2080217797
2016-03-07,1991557373
2016-03-08,1567405018
2016-03-09,1895732383
2016-03-10,2038781428
2016-03-11,2577535794
2016-03-14,2706928245
2016-03-15,2854086320
2016-03-16,3325522689
2016-03-17,3587067586
2016-03-18,1982913373
2016-03-21,2197754127
2016-03-22,2217646262
2016-03-23,1945774299
2016-03-24,1818046959
2016-03-28,1904795300
2016-03-29,2577311465
2016-03-30,2944274165
2016-03-31,2486571352
2016-04-01,2662766852
2016-04-04,2502539002
2016-04-05,1925384214
2016-04-06,2699898370
2016-04-07,1778367909
2016-04-08,1929594458
2016-04-11,1759036139
2016-04-12,2620696168
2016-04-13,3665229160
2016-04-14,3744996414
2016-04-15,1612200580
2016-04-18,1941694498
2016-04-19,2093229326
2016-04-20,2184773088
2016-04-21,1915793324
2016-04-22,1543878960
2016-04-25,1598289892
2016-04-26,1606494629
2016-04-27,1592998572
2016-04-28,1181440575
2016-04-29,1140488106
2016-05-02,1707694653
2016-05-03,1326277025
2016-05-04,941401806.1
2016-05-05,873688280.5
2016-05-06,1238117228
2016-05-09,1376757320
2016-05-10,2389425328
2016-05-11,1422476466
2016-05-12,1407285386
2016-05-13,747015660.1
2016-05-16,1345041760
2016-05-17,608207850.8
2016-05-18,623281588.9
2016-05-19,232951431.4
2016-05-20,835991624.5
2016-05-23,768651469.8
2016-05-24,1762288177
2016-05-25,2368795626
2016-05-26,2633433342
2016-05-27,2138576901
2016-05-31,2084096961
2016-06-01,2092914813
2016-06-02,2452774846
2016-06-03,1974596288
2016-06-06,2386878787
2016-06-07,2464050344
2016-06-08,2903662121
2016-06-09,2828218932
2016-06-10,1825522493
2016-06-13,1091979205
2016-06-14,1218480836
2016-06-15,1022311837
2016-06-16,1429817152
2016-06-17,705724726.9
2016-06-20,977049513.1
2016-06-21,1139069228
2016-06-22,1040508579
2016-06-23,2070835114
2016-06-24,143335708
2016-06-27,-388124018.3
2016-06-28,393041886.1
2016-06-29,1447809568
2016-06-30,2278865077
2016-07-01,1967704863
2016-07-05,1649000298
2016-07-06,2113702589
2016-07-07,2176331777
2016-07-08,2905121504
2016-07-11,3328334725
2016-07-12,3726095542
2016-07-13,3529125034
2016-07-14,4335890146
2016-07-15,2212109310
2016-07-18,2542586429
2016-07-19,2592071926
2016-07-20,3044126597
2016-07-21,2683166421
2016-07-22,2497225802
2016-07-25,2351604645
2016-07-26,2265239341
2016-07-27,2539950625
2016-07-28,2750425588
2016-07-29,2544098511
2016-08-01,2640509289
2016-08-02,2161471366
2016-08-03,2429117592
2016-08-04,2611507378
2016-08-05,3192828110
2016-08-08,3038872608
2016-08-09,3218806675
2016-08-10,2949217803
2016-08-11,3437947186
2016-08-12,2933433025
2016-08-15,3233938681
2016-08-16,2631894880
2016-08-17,2972769485
2016-08-18,3237901856
2016-08-19,1886771205
2016-08-22,1957383214
2016-08-23,2255346968
2016-08-24,1670373836
2016-08-25,1676291895
2016-08-26,1666646339
2016-08-29,2211090143
2016-08-30,1837775695
2016-08-31,1692810663
2016-09-01,1922523661
2016-09-02,2159846908
2016-09-06,2857730483
2016-09-07,3011920153
2016-09-08,2639822948
2016-09-09,138347397.4
2016-09-12,1467106675
2016-09-13,206431973.6
2016-09-14,453189500.4
2016-09-15,1763279482
2016-09-16,1187648409
2016-09-19,1081142561
2016-09-20,1262656626
2016-09-21,2208944717
2016-09-22,3278783458
2016-09-23,1752291253
2016-09-26,1096990737
2016-09-27,1901928595
2016-09-28,2396436212
2016-09-29,1463816461
2016-09-30,1833829524
2016-10-03,1827744020
2016-10-04,1685482590
2016-10-05,2247863461
2016-10-06,2318307924
2016-10-07,1857342772
2016-10-10,2554594365
2016-10-11,1489958559
2016-10-12,1675949277
2016-10-13,1008347683
2016-10-14,1392173736
2016-10-17,1137181849
2016-10-18,1928994814
2016-10-19,2300816193
2016-10-20,2051637793
2016-10-21,1420346093
2016-10-24,1894308248
2016-10-25,1735570477
2016-10-26,1491017957
2016-10-27,1282380977
2016-10-28,1109121056
2016-10-31,1111644471
2016-11-01,675195055.2
2016-11-02,37847514.2
2016-11-03,-438477709.7
2016-11-04,-58173193.53
2016-11-07,1344535317
2016-11-08,1794665753
2016-11-09,2192023913
2016-11-10,1537673330
2016-11-11,1618307242
2016-11-14,1301794959
2016-11-15,1885661129
2016-11-16,2143823280
2016-11-17,2646420144
2016-11-18,1625513597
2016-11-21,2333800006
2016-11-22,2600775435
2016-11-23,2513961245
2016-11-25,2432575109
2016-11-28,2121601421
2016-11-29,2055470104
2016-11-30,1539471589
2016-12-01,1085344302
2016-12-02,1419736104
2016-12-05,1878563794
2016-12-06,2185484788
2016-12-07,3255150164
2016-12-08,3454439962
2016-12-09,3402208391
2016-12-12,3280072338
2016-12-13,4279301953
2016-12-14,3631288373
2016-12-15,4178940423
2016-12-16,2509639260
2016-12-19,2839790436
2016-12-20,3173530534
2016-12-21,3066078716
2016-12-22,2583601284
2016-12-23,2500880952
2016-12-27,2820190469
2016-12-28,2132294476
2016-12-29,1856504137
2016-12-30,1609280878
2017-01-03,2289156551
2017-01-04,2751534497
2017-01-05,3318908622
2017-01-06,3211639551
2017-01-09,3199197352
2017-01-10,3280307540
2017-01-11,3700475442
2017-01-12,3707984953
2017-01-13,3511712221
2017-01-17,3429336677
2017-01-18,3768468754
2017-01-19,3297701001
2017-01-20,1578099266
2017-01-23,1708750825
2017-01-24,2289289789
2017-01-25,3111756196
2017-01-26,3143210035
2017-01-27,2348826406
2017-01-30,1930516928
2017-01-31,1673467851
2017-02-01,1969052937
2017-02-02,2055582518
2017-02-03,2402640120
2017-02-06,2450586241
2017-02-07,2786921793
2017-02-08,3022530587
2017-02-09,3690893759
2017-02-10,3355841269
2017-02-13,3976258049
2017-02-14,4283994471
2017-02-15,4821739777
2017-02-16,5052474668
2017-02-17,2957371271
2017-02-21,3601146629
2017-02-22,3786308766
2017-02-23,3613693302
2017-02-24,3063691354
2017-02-27,3308125236
2017-02-28,3142043910
2017-03-01,4687762677
2017-03-02,3832673727
2017-03-03,3380582002
2017-03-06,3254215850
2017-03-07,3255287384
2017-03-08,3175375286
2017-03-09,3506070222
2017-03-10,3279581351
2017-03-13,3429978628
2017-03-14,3134659287
2017-03-15,4230261605
2017-03-16,4489649237
2017-03-17,2358067595
2017-03-20,2490429001
2017-03-21,888775805
2017-03-22,1232622906
2017-03-23,914841135.2
2017-03-24,1284651965
2017-03-27,1342419748
2017-03-28,2632905699
2017-03-29,3181445589
2017-03-30,3805342980
2017-03-31,2477170052
2017-04-03,2586013256
2017-04-04,2859520875
2017-04-05,2379113132
2017-04-06,2075455692
2017-04-07,2015509920
2017-04-10,2310829477
2017-04-11,1935589540
2017-04-12,1410798373
2017-04-13,897466670.8
2017-04-17,2344564436
2017-04-18,2146742289
2017-04-19,1937690306
2017-04-20,3256252297
2017-04-21,1504569269
2017-04-24,2542349546
2017-04-25,3046181399
2017-04-26,3004122874
2017-04-27,3172588354
2017-04-28,2661533678
2017-05-01,2936505640
2017-05-02,3236252325
2017-05-03,3329037095
2017-05-04,3557770433
2017-05-05,3228449803
2017-05-08,3618016838
2017-05-09,3808223236
2017-05-10,3390014046
2017-05-11,3172535332
2017-05-12,3114109854
2017-05-15,3630440536
2017-05-16,3952074762
2017-05-17,398856431.6
2017-05-18,1331283511
2017-05-19,1852734750
2017-05-22,2519774842
2017-05-23,2867337046
2017-05-24,3657338703
2017-05-25,4300610677
2017-05-26,3210988882
2017-05-30,3190396961
2017-05-31,2962182039
2017-06-01,3945015540
2017-06-02,3821719370
2017-06-05,3844934697
2017-06-06,3418486599
2017-06-07,3717447228
2017-06-08,4125291761
2017-06-09,2645365700
2017-06-12,2268654011
2017-06-13,3163658624
2017-06-14,2956299217
2017-06-15,2129686006
2017-06-16,1657165659
2017-06-19,2727580040
2017-06-20,2153739575
2017-06-21,2606582316
2017-06-22,2439881363
2017-06-23,2240870141
2017-06-26,2101967153
2017-06-27,904884267.1
2017-06-28,2189595144
2017-06-29,783130878.6
2017-06-30,1311817692
2017-07-03,1224692497
2017-07-05,1634814000
2017-07-06,741086536.5
2017-07-07,1748675387
2017-07-10,2236989312
2017-07-11,2406964140
2017-07-12,3568376132
2017-07-13,3700871270
2017-07-14,3578023272
2017-07-17,3703191401
2017-07-18,4072611129
2017-07-19,4840080937
2017-07-20,4896440336
2017-07-21,2571479568
2017-07-24,2659292906
2017-07-25,2994489328
2017-07-26,3258291858
2017-07-27,2754693743
2017-07-28,2485956113
2017-07-31,2200485778
2017-08-01,2618834737
2017-08-02,2863270488
2017-08-03,2455822537
2017-08-04,2745629050
2017-08-07,2427472789
2017-08-08,2833733963
2017-08-09,2212185636
2017-08-10,-71863267.18
2017-08-11,1004666120
2017-08-14,2444267278
2017-08-15,2465323194
2017-08-16,2494515507
2017-08-17,-150856112.1
2017-08-18,660227661
2017-08-21,582867140.8
2017-08-22,1867699282
2017-08-23,1540224820
2017-08-24,1256576764
2017-08-25,1296966623
2017-08-28,1424962016
2017-08-29,1836728487
2017-08-30,2988261801
2017-08-31,4140015062
2017-09-01,3129196677
2017-09-05,2211126450
2017-09-06,2689585474
2017-09-07,3312763794
2017-09-08,2114815472
2017-09-11,3619729369
2017-09-12,4255184663
2017-09-13,4942817316
2017-09-14,3820455990
2017-09-15,2400578162
2017-09-18,2315047560
2017-09-19,2560995797
2017-09-20,2946040211
2017-09-21,2446882060
2017-09-22,2272641441
2017-09-25,1782573616
2017-09-26,2008563330
2017-09-27,2925713102
2017-09-28,3307177590
2017-09-29,3137768694
2017-10-02,3393331794
2017-10-03,3765100670
2017-10-04,3903871091
2017-10-05,5258615224
2017-10-06,4106554576
2017-10-09,4170444453
2017-10-10,4303231199
2017-10-11,5023978813
2017-10-12,5111977258
2017-10-13,4516960354
2017-10-16,4995564433
2017-10-17,5487357785
2017-10-18,5474784833
2017-10-19,4847992925
2017-10-20,3158333647
2017-10-23,2746394034
2017-10-24,3088273413
2017-10-25,2587684238
2017-10-26,2925319418
2017-10-27,3701538831
2017-10-30,3566666882
2017-10-31,3696707777
2017-11-01,4096593319
2017-11-02,4125236220
2017-11-03,3975769181
2017-11-06,4219761342
2017-11-07,4232304485
2017-11-08,4625795733
2017-11-09,4379971514
2017-11-10,3671429599
2017-11-13,3988331512
2017-11-14,3775361878
2017-11-15,2973086457
2017-11-16,4708182203
2017-11-17,2551103397
2017-11-20,2798334560
2017-11-21,4234323717
2017-11-22,4452596018
2017-11-24,3681749089
2017-11-27,3824847562
2017-11-28,4415707565
2017-11-29,3077547281
2017-11-30,4005437413
2017-12-01,3565285025
2017-12-04,3179143493
2017-12-05,3006323536
2017-12-06,3221604442
2017-12-07,4078856890
2017-12-08,4286751542
2017-12-11,5002864391
2017-12-12,4812998492
2017-12-13,4925521443
2017-12-14,4995921854
2017-12-15,4052381578
2017-12-18,4789244131
2017-12-19,4487952789
2017-12-20,4195335915
2017-12-21,4418995151
2017-12-22,4096336395
2017-12-26,3825725876
2017-12-27,4128878605
2017-12-28,4664796614
2017-12-29,3351766525
2018-01-02,5104672300
2018-01-03,6227584426
2018-01-04,6817650988
2018-01-05,6572707311
2018-01-08,6870883579
2018-01-09,6770874052
2018-01-10,6789551647
2018-01-11,7951915844
2018-01-12,7173202578
2018-01-16,6959809025
2018-01-17,7577134959
2018-01-18,7644008230
2018-01-19,3593970430
2018-01-22,4373024752
2018-01-23,4800925654
2018-01-24,4411708369
2018-01-25,4760333571
2018-01-26,4205395487
2018-01-29,3702808442
2018-01-30,3167661452
2018-01-31,3283853686
2018-02-01,3586702014
2018-02-02,1759752170
2018-02-05,-290859250.9
2018-02-06,880533618
2018-02-07,392240276.8
2018-02-08,-1572473954
2018-02-09,-407018448.6
2018-02-12,247139927.2
2018-02-13,644932796.4
2018-02-14,2194669015
2018-02-15,3755415456
2018-02-16,2205235785
2018-02-20,1944371277
2018-02-21,2109151018
2018-02-22,2108961974
2018-02-23,3050120601
2018-02-26,4120671858
2018-02-27,3083412585
2018-02-28,1977841424
2018-03-01,669570064.3
2018-03-02,1603757717
2018-03-05,2562279325
2018-03-06,3119066253
2018-03-07,3337911438
2018-03-08,4143332752
2018-03-09,4764827621
2018-03-12,4860254942
2018-03-13,3836021863
2018-03-14,3378639151
2018-03-15,3305740196
2018-03-16,2377232464
2018-03-19,1175145674
2018-03-20,1699815366
2018-03-21,1537756387
2018-03-22,-314435641.5
2018-03-23,-458889987.6
2018-03-26,830561198.2
2018-03-27,-386192078.9
2018-03-28,-700363602
2018-03-29,503862629.1
2018-04-02,-529523973.8
2018-04-03,55832813.43
2018-04-04,882950576.1
2018-04-05,1957752253
2018-04-06,55613925.81
2018-04-09,183350195.1
2018-04-10,1545747105
2018-04-11,1196205218
2018-04-12,2190652243
2018-04-13,1373017693
2018-04-16,2189160271
2018-04-17,3825295233
2018-04-18,4087229002
2018-04-19,3825622132
2018-04-20,1576649966
2018-04-23,1514516030
2018-04-24,504608616.7
2018-04-25,650553973.2
2018-04-26,1950646322
2018-04-27,1956197496
2018-04-30,1346647656
2018-05-01,1850593838
2018-05-02,1581836990
2018-05-03,1412590884
2018-05-04,2384530565
2018-05-07,3145903982
2018-05-08,3196530055
2018-05-09,4715828885
2018-05-10,5561937365
2018-05-11,4425220746
2018-05-14,4754646369
2018-05-15,3331060808
2018-05-16,4245402572
2018-05-17,3594238410
2018-05-18,2151459414
2018-05-21,3062676880
2018-05-22,2812965624
2018-05-23,3876081267
2018-05-24,4045804068
2018-05-25,3155602061
2018-05-29,2307985090
2018-05-30,3788835456
2018-05-31,3668514397
2018-06-01,3988109848
2018-06-04,4652474394
2018-06-05,4769731072
2018-06-06,5830607526
2018-06-07,5339908449
2018-06-08,4912654807
2018-06-11,5319632166
2018-06-12,6023685867
2018-06-13,5815433664
2018-06-14,6727663484
2018-06-15,2864671245
2018-06-18,3105568040
2018-06-19,2978830498
2018-06-20,3635122358
2018-06-21,2140074980
2018-06-22,2165247594
2018-06-25,540369644
2018-06-26,1176139452
2018-06-27,138804939.2
2018-06-28,1277153189
2018-06-29,1327486451
2018-07-02,1849445414
2018-07-03,1021590997
2018-07-05,2214395300
2018-07-06,2694101431
2018-07-09,4124985705
2018-07-10,4665824180
2018-07-11,3988981721
2018-07-12,5804466919
2018-07-13,4318722133
2018-07-16,4536613826
2018-07-17,5274946022
2018-07-18,5679877109
2018-07-19,4656701208
2018-07-20,2441052805
2018-07-23,2637386285
2018-07-24,3446396574
2018-07-25,4533887786
2018-07-26,4420080682
2018-07-27,2925301948
2018-07-30,1927611459
2018-07-31,2176867643
2018-08-01,2652864481
2018-08-02,4221703299
2018-08-03,3551087359
2018-08-06,4432342495
2018-08-07,5108370077
2018-08-08,5292109110
2018-08-09,5211226091
2018-08-10,3077839473
2018-08-13,2837130072
2018-08-14,4023188862
2018-08-15,2085245978
2018-08-16,3263179011
2018-08-17,2411927575
2018-08-20,2693750595
2018-08-21,3276857875
2018-08-22,3999483245
2018-08-23,3824789267
2018-08-24,3501195297
2018-08-27,4941883900
2018-08-28,5118946553
2018-08-29,6270317608
2018-08-30,5975640566
2018-08-31,3966964284
2018-09-04,3366180324
2018-09-05,2711506950
2018-09-06,1178267245
2018-09-07,2473373751
2018-09-10,2217879823
2018-09-11,3524473809
2018-09-12,3886323591
2018-09-13,5055063637
2018-09-14,3677162317
2018-09-17,2456434908
2018-09-18,3278023101
2018-09-19,3951373405
2018-09-20,5910353361
2018-09-21,2724444350
2018-09-24,2703187780
2018-09-25,3379749725
2018-09-26,3276840640
2018-09-27,4843758173
2018-09-28,3114529991
2018-10-01,3672224009
2018-10-02,2934354579
2018-10-03,3028216317
2018-10-04,1136127139
2018-10-05,1310544943
2018-10-08,1115410436
2018-10-09,1034143167
2018-10-10,-1396394101
2018-10-11,-2204206435
2018-10-12,-799233331
2018-10-15,-1381848130
2018-10-16,474268302.4
2018-10-17,758333640.7
2018-10-18,-1029438670
2018-10-19,163142303
2018-10-22,44405327.86
2018-10-23,721931.91
2018-10-24,-1077040425
2018-10-25,-274658001.1
2018-10-26,-671401605.2
2018-10-29,-858555385.9
2018-10-30,-392313380.2
2018-10-31,510464123.7
2018-11-01,1403817172
2018-11-02,476260173
2018-11-05,528749576.5
2018-11-06,998457377.2
2018-11-07,3237433461
2018-11-08,2806110743
2018-11-09,1144125547
2018-11-12,-144822213.3
2018-11-13,-147305645.1
2018-11-14,-619059505.1
2018-11-15,174032784.8
2018-11-16,532424709.1
2018-11-19,-74809599.57
2018-11-20,-681335405.5
2018-11-21,-601903150.8
2018-11-23,-516121747.4
2018-11-26,93513112.41
2018-11-27,436332486.5
2018-11-28,2232535254
2018-11-29,2256852361
2018-11-30,1746919858
2018-12-03,2852734191
2018-12-04,211888511.1
2018-12-06,431713555.9
2018-12-07,-504674341.2
2018-12-10,-375947314.9
2018-12-11,-201598330.3
2018-12-12,236728313.1
2018-12-13,265020913.5
2018-12-14,-804333850.1
2018-12-17,-1673337523
2018-12-18,-1424748791
2018-12-19,-2235910856
2018-12-20,-2567871605
2018-12-21,-1350551227
2018-12-24,-1726171989
2018-12-26,-624662702.7
2018-12-27,-218526888.8
2018-12-28,-523373659.1
2018-12-31,-246393093.5
2019-01-02,-96696805.65
2019-01-03,-1015709460
2019-01-04,88481012.8
2019-01-07,472253329
2019-01-08,1087226846
2019-01-09,1294438199
2019-01-10,1534655632
2019-01-11,1118377810
2019-01-14,688458333.1
2019-01-15,1966014372
2019-01-16,2089639177
2019-01-17,3018602482
2019-01-18,1559369883
2019-01-22,741811818.3
2019-01-23,924567396.9
2019-01-24,1205020175
2019-01-25,1315967588
2019-01-28,1029074479
2019-01-29,872710620.2
2019-01-30,2059768945
2019-01-31,2816569717
2019-02-01,2037890381
2019-02-04,2651320973
2019-02-05,3402101380
2019-02-06,2899263646
2019-02-07,1478314706
2019-02-08,1678506190
2019-02-11,1697150334
2019-02-12,3152210828
2019-02-13,3507457726
2019-02-14,3090404163
2019-02-15,2110208350
2019-02-19,2495344037
2019-02-20,2647972675
2019-02-21,2191834769
2019-02-22,2564574168
2019-02-25,2718344116
2019-02-26,2779307702
2019-02-27,2821204312
2019-02-28,2457292621
2019-03-01,2849712008
2019-03-04,2814839966
2019-03-05,2834080427
2019-03-06,2111785444
2019-03-07,557643405.8
2019-03-08,875458278.4
2019-03-11,2811441415
2019-03-12,3361779821
2019-03-13,4416755272
2019-03-14,4136001115
2019-03-15,2278105806
2019-03-18,2707893175
2019-03-19,2886374467
2019-03-20,3150949854
2019-03-21,4391527361
2019-03-22,1684721855
2019-03-25,1652744526
2019-03-26,2289489605
2019-03-27,1714094105
2019-03-28,2161053227
2019-03-29,2536729466
2019-04-01,3828722920
2019-04-02,4007118721
2019-04-03,4508422261
2019-04-04,4919287343
2019-04-05,4172201283
2019-04-08,4386606538
2019-04-09,3715873468
2019-04-10,4484511507
2019-04-11,4721750715
2019-04-12,4364967900
2019-04-15,4543714311
2019-04-16,5211638563
2019-04-17,5275554128
2019-04-18,2595828541
2019-04-22,2883829567
2019-04-23,3708523162
2019-04-24,3347828564
2019-04-25,3461944379
2019-04-26,3316026881
2019-04-29,3489304625
2019-04-30,3022369059
2019-05-01,2294443397
2019-05-02,1588138612
2019-05-03,3683628615
2019-05-06,3269513326
2019-05-07,1387700954
2019-05-08,1315362873
2019-05-09,611175785.8
2019-05-10,1407780724
2019-05-13,-660387652.6
2019-05-14,-137878630.9
2019-05-15,1154771281
2019-05-16,3114396510
2019-05-17,1101371353
2019-05-20,511229616.9
2019-05-21,1077281484
2019-05-22,970565608.8
2019-05-23,-322305972.1
2019-05-24,425214209.9
2019-05-28,86997253.18
2019-05-29,-617453262.7
2019-05-30,-249167557.4
2019-05-31,-655603961.2
2019-06-03,-998686295.5
2019-06-04,508859114.1
2019-06-05,1316830937
2019-06-06,2139446209
2019-06-07,2312457965
2019-06-10,2992053141
2019-06-11,2919367098
2019-06-12,2534629945
2019-06-13,3341129060
2019-06-14,2601722033
2019-06-17,3026953727
2019-06-18,4231361794
2019-06-19,4655163285
2019-06-20,6809353453
2019-06-21,2788279330
2019-06-24,2682082373
2019-06-25,1715046080
2019-06-26,1979085659
2019-06-27,2235671649
2019-06-28,2150116150
2019-07-01,3009288045
2019-07-02,4032391466
2019-07-03,6001563023
2019-07-05,3605487092
2019-07-08,3363916928
2019-07-09,5031135139
2019-07-10,6799856780
2019-07-11,6114535112
2019-07-12,6592506393
2019-07-15,7692487283
2019-07-16,7100241255
2019-07-17,5114619731
2019-07-18,3282828553
2019-07-19,1383015562
2019-07-22,1771523942
2019-07-23,2820676279
2019-07-24,3468012101
2019-07-25,2968165794
2019-07-26,2879676878
2019-07-29,2448648425
2019-07-30,2242310116
2019-07-31,1014922967
2019-08-01,222745764.8
2019-08-02,444632947.1
2019-08-05,-1090684445
2019-08-06,-234410228.5
2019-08-07,-221865700.9
2019-08-08,3156826140
2019-08-09,1145370587
2019-08-12,328898414.9
2019-08-13,895203143.9
2019-08-14,-1227145327
2019-08-15,-591406462.9
2019-08-16,323774772.3
2019-08-19,1257211506
2019-08-20,629628005.5
2019-08-21,1620355876
2019-08-22,1253027265
2019-08-23,-252362535.6
2019-08-26,156623383
2019-08-27,-70147682.44
2019-08-28,-278980261.7
2019-08-29,2744423695
2019-08-30,1673083469
2019-09-03,655098872.1
2019-09-04,1607852090
2019-09-05,5789727024
2019-09-06,2963183465
2019-09-09,2738909582
2019-09-10,2948241304
2019-09-11,4264664219
2019-09-12,6175559030
2019-09-13,4760360939
2019-09-16,3596891437
2019-09-17,4604086110
2019-09-18,4343912105
2019-09-19,4314537266
2019-09-20,1460973065
2019-09-23,1159392730
2019-09-24,311838846
2019-09-25,446764901.7
2019-09-26,953488275.1
2019-09-27,1047297558
2019-09-30,1546094551
2019-10-01,752856808.1
2019-10-02,-800325334.4
2019-10-03,210501941.1
2019-10-04,1414848353
2019-10-07,1120509472
2019-10-08,13074552.67
2019-10-09,949703459.4
2019-10-10,1312512623
2019-10-11,2254375192
2019-10-14,2250020696
2019-10-15,4666622782
2019-10-16,4370167753
2019-10-17,4941474775
2019-10-18,1448209579
2019-10-21,2035226238
2019-10-22,1810500603
2019-10-23,2087765684
2019-10-24,2693848935
2019-10-25,2239490995
2019-10-28,3277916674
2019-10-29,2837080200
2019-10-30,3836179034
2019-10-31,3944362020
2019-11-01,3964008807
2019-11-04,4837177236
2019-11-05,4761056422
2019-11-06,4329850318
2019-11-07,4991959905
2019-11-08,4766459239
2019-11-11,4311833279
2019-11-12,4689719887
2019-11-13,4045997658
2019-11-14,2749752101
2019-11-15,2929398690
2019-11-18,3329456027
2019-11-19,3366308353
2019-11-20,2652596441
2019-11-21,2212434208
2019-11-22,2485387820
2019-11-25,4539121986
2019-11-26,5855883491
2019-11-27,8220194843
2019-11-29,3675461360
2019-12-02,2328338779
2019-12-03,1567258575
2019-12-04,3054096970
2019-12-05,2517959778
2019-12-06,4625510343
2019-12-09,4070175820
2019-12-10,3033918627
2019-12-11,4094177057
2019-12-12,6666654036
2019-12-13,6194083045
2019-12-16,8353045480
2019-12-17,8662702294
2019-12-18,7674543991
2019-12-19,9993524947
2019-12-20,4951714503
2019-12-23,5444594720
2019-12-24,5654027704
2019-12-26,9473289627
2019-12-27,5564261213
2019-12-30,5178013686
2019-12-31,4923714766
2020-01-02,9617965181
2020-01-03,4752556828
2020-01-06,7562268989
2020-01-07,7554882610
2020-01-08,9871354766
2020-01-09,11566402278
2020-01-10,10212821941
2020-01-13,9050514635
2020-01-14,8220541154
2020-01-15,9009324949
2020-01-16,8261237727
2020-01-17,3694541951
2020-01-21,4021473536
2020-01-22,4089394999
2020-01-23,4020590648
2020-01-24,1956664194
2020-01-27,637914290.7
2020-01-28,1618532887
2020-01-29,1747056326
2020-01-30,2070348731
2020-01-31,1546000851
2020-02-03,1886168624
2020-02-04,3359119024
2020-02-05,4067938357
2020-02-06,5336330666
2020-02-07,4120952064
2020-02-10,5361523682
2020-02-11,5722246614
2020-02-12,7967208232
2020-02-13,7211357200
2020-02-14,5770086243
2020-02-18,5660220155
2020-02-19,6381535398
2020-02-20,4437306750
2020-02-21,1322774453
2020-02-24,-773233389.7
2020-02-25,-1631927245
2020-02-26,-1624169660
2020-02-27,-2958422909
2020-02-28,-1423445495
2020-03-02,-132090239
2020-03-03,-1094764736
2020-03-04,1292494130
2020-03-05,-992248105.7
2020-03-06,-1026984873
2020-03-09,-1664364383
2020-03-10,-1000251181
2020-03-11,-1628876725
2020-03-12,-2170934233
2020-03-13,-1540240424
2020-03-16,-1758235174
2020-03-17,-1153920356
2020-03-18,-231405936
2020-03-19,-1009988451
2020-03-20,-641778574.9
2020-03-23,-67803558.89
2020-03-24,600219982
2020-03-25,-157646663.2
2020-03-26,1106729625
2020-03-27,-289385495.1
2020-03-30,98620248.77
2020-03-31,-148210827.4
2020-04-01,-772849977.5
2020-04-02,-507398426.7
2020-04-03,-463079691.1
2020-04-06,1555164530
2020-04-07,1533925066
2020-04-08,3331832669
2020-04-09,2608412646
2020-04-13,3422977567
2020-04-14,5900187805
2020-04-15,5008143203
2020-04-16,6412033864
2020-04-17,1907158484
2020-04-20,2399843522
2020-04-21,715645747.9
2020-04-22,1825912217
2020-04-23,2109103845
2020-04-24,1264910712
2020-04-27,1284877774
2020-04-28,931551338.6
2020-04-29,2502561142
2020-04-30,3331688946
2020-05-01,721282137.8
2020-05-04,1434455811
2020-05-05,1599407223
2020-05-06,2848289581
2020-05-07,5535217748
2020-05-08,3754598011
2020-05-11,3694572513
2020-05-12,3171271931
2020-05-13,1692331800
2020-05-14,2008374902
2020-05-15,951835268.4
2020-05-18,1898068854
2020-05-19,2187327786
2020-05-20,3914361759
2020-05-21,2240088610
2020-05-22,1639866652
2020-05-26,1843470207
2020-05-27,2008928444
2020-05-28,2084873832
2020-05-29,2565182968
2020-06-01,3294277294
2020-06-02,3882599622
2020-06-03,4130602363
2020-06-04,3293310852
2020-06-05,4239083647
2020-06-08,5719836995
2020-06-09,8317776233
2020-06-10,9662665165
2020-06-11,2607526818
2020-06-12,5515247892
2020-06-15,5224988329
2020-06-16,6307848461
2020-06-17,7569718916
2020-06-18,6015265525
2020-06-19,2194659186
2020-06-22,2961974574
2020-06-23,4442163715
2020-06-24,2403953470
2020-06-25,3740909268
2020-06-26,626711354.5
2020-06-29,1327171926
2020-06-30,4122973164
2020-07-01,8066028172
2020-07-02,3223157668
2020-07-06,7165222952
2020-07-07,4795915206
2020-07-08,7934563428
2020-07-09,10100799363
2020-07-10,5251920785
2020-07-13,7831814423
2020-07-14,6706999453
2020-07-15,6208912033
2020-07-16,6771658646
2020-07-17,2257721540
2020-07-20,3151371151
2020-07-21,4071387610
2020-07-22,4338628563
2020-07-23,1625972274
2020-07-24,1281189859
2020-07-27,2003080145
2020-07-28,2382701643
2020-07-29,2233463153
2020-07-30,2131084168
2020-07-31,2520246115
2020-08-03,2869983619
2020-08-04,3419239304
2020-08-05,5282767565
2020-08-06,7228713224
2020-08-07,2835553302
2020-08-10,3229669387
2020-08-11,2675466205
2020-08-12,5435407017
2020-08-13,5602298617
2020-08-14,5235179076
2020-08-17,7143665838
2020-08-18,13497596579
2020-08-19,8370115337
2020-08-20,10050121360
2020-08-21,3109556133
2020-08-24,4094179525
2020-08-25,7505133168
2020-08-26,11270844825
2020-08-27,8824780467
2020-08-28,4263904049
2020-08-31,4109427220
2020-09-01,7715762992
2020-09-02,9877306251
2020-09-03,2845165509
2020-09-04,1920532148
2020-09-08,585842457.2
2020-09-09,2629031020
2020-09-10,828075896.5
2020-09-11,1970983599
2020-09-14,4690390788
2020-09-15,3699068904
2020-09-16,2436980041
2020-09-17,-1128367929
2020-09-18,189695161.1
2020-09-21,-281008442.6
2020-09-22,5709698508
2020-09-23,369771626.4
2020-09-24,900508517.6
2020-09-25,1152474010
2020-09-28,4517899794
2020-09-29,4010212137
2020-09-30,5557840248
2020-10-01,6239146650
2020-10-02,921593487.3
2020-10-05,3270910015
2020-10-06,1638545346
2020-10-07,5088863991
2020-10-08,5698565179
2020-10-09,8490294012
2020-10-12,11402665926
2020-10-13,15345566294
2020-10-14,9657031321
2020-10-15,10450888042
2020-10-16,3113195433
2020-10-19,1779103506
2020-10-20,1919650383
2020-10-21,2532500562
2020-10-22,1919485629
2020-10-23,2051710147
2020-10-26,1252594353
2020-10-27,1772712890
2020-10-28,-1257767672
2020-10-29,238673808.8
2020-10-30,-78315991.44
2020-11-02,-180393838.7
2020-11-03,1148540386
2020-11-04,7031418413
2020-11-05,10299618467
2020-11-06,4715264680
2020-11-09,3868072512
2020-11-10,2876030927
2020-11-11,5991548647
2020-11-12,4706756829
2020-11-13,6032392989
2020-11-16,5568672440
2020-11-17,5804661987
2020-11-18,3498178743
2020-11-19,5497968394
2020-11-20,2325158176
2020-11-23,2918269606
2020-11-24,5403454168
2020-11-25,9343961755
2020-11-27,3668362084
2020-11-30,3615189589
2020-12-01,6489658542
2020-12-02,7234392510
2020-12-03,7150499862
2020-12-04,4429232865
2020-12-07,5364166169
2020-12-08,6445187581
2020-12-09,3904181425
2020-12-10,3592753046
2020-12-11,4490477859
2020-12-14,5001079404
2020-12-15,7015978261
2020-12-16,17442058897
2020-12-17,10162605390
2020-12-18,4436633610
2020-12-21,5570621455
2020-12-22,5892000510
2020-12-23,5069183691
2020-12-24,3491944085
2020-12-28,8650760938
2020-12-29,14474206262
2020-12-30,11540661765
2020-12-31,4349151400
2021-01-04,2933810591
2021-01-05,5428029874
2021-01-06,4897741235
2021-01-07,8930472210
2021-01-08,14017164016
2021-01-11,22474810522
2021-01-12,6324750632
2021-01-13,13519394705
2021-01-14,5896350522
2021-01-15,1080777174
2021-01-19,3142342936
2021-01-20,14161901379
2021-01-21,15662355773
2021-01-22,5280898769
2021-01-25,5934458913
2021-01-26,8511854543
2021-01-27,1420076057
2021-01-28,4349938846
2021-01-29,104559707.6
2021-02-01,4569465210
2021-02-02,5976740320
2021-02-03,7623955692
2021-02-04,7510935055
2021-02-05,4121386179
2021-02-08,5729262628
2021-02-09,6329669098
2021-02-10,4665452352
2021-02-11,5250019482
2021-02-12,13412625514
2021-02-16,12389004012
2021-02-17,10640215303
2021-02-18,10758085126
2021-02-19,1432866576
2021-02-22,84644662.8
2021-02-23,249909119.9
2021-02-24,331152215.7
2021-02-25,-2615732366
2021-02-26,72996562.66
2021-03-01,2570605296
2021-03-02,709349327.9
2021-03-03,-1189763828
2021-03-04,-4255747479
2021-03-05,1088733698
2021-03-08,355126515.1
2021-03-09,3559788830
2021-03-10,3751456092
2021-03-11,7759883805
2021-03-12,6676473249
2021-03-15,6363289432
2021-03-16,6438768427
2021-03-17,10792991685
2021-03-18,1386685224
2021-03-19,1144755958
2021-03-22,2899985041
2021-03-23,2889613523
2021-03-24,-97228530.47
2021-03-25,-779267229.1
2021-03-26,1805320053
2021-03-29,2592391532
2021-03-30,2627291886
2021-03-31,7823646829
2021-04-01,5857682263
2021-04-05,10520577306
2021-04-06,11522017292
2021-04-07,13382781760
2021-04-08,23633529560
2021-04-09,22995942965
2021-04-12,24218668213
2021-04-13,21189337117
2021-04-14,16223062387
2021-04-15,15439854175
2021-04-16,7343807354
2021-04-19,4529045434
2021-04-20,4573888781
2021-04-21,7080704883
2021-04-22,4462044368
2021-04-23,3492813344
2021-04-26,4863652336
2021-04-27,5571549853
2021-04-28,8496825793
2021-04-29,12660438711
2021-04-30,4311255760
2021-05-03,3692946565
2021-05-04,2063402284
2021-05-05,1375233048
2021-05-06,6361758065
2021-05-07,3613599670
2021-05-10,2172247872
2021-05-11,1059855548
2021-05-12,-1306286224
2021-05-13,-1761338908
2021-05-14,7218890130
2021-05-17,5984868978
2021-05-18,5427986458
2021-05-19,4283887238
2021-05-20,6943954468
2021-05-21,927838613.9
2021-05-24,4144371904
2021-05-25,4761099409
2021-05-26,5909801989
2021-05-27,3778201802
2021-05-28,2994737780
2021-06-01,3473156272
2021-06-02,4142372169
2021-06-03,723554093.3
2021-06-04,2749221584
2021-06-07,6382166379
2021-06-08,6684619034
2021-06-09,7411798496
2021-06-10,14222065214
2021-06-11,12444445189
2021-06-14,13822328583
2021-06-15,14868150865
2021-06-16,16162825912
2021-06-17,19555211813
2021-06-18,3011714347
2021-06-21,4156428236
2021-06-22,7256119527
2021-06-23,8971871378
2021-06-24,8606613070
2021-06-25,3757348019
2021-06-28,11777060174
2021-06-29,6450709613
2021-06-30,7786851177
2021-07-01,9713480889
2021-07-02,8802031882
2021-07-06,13550067605
2021-07-07,15767277354
2021-07-08,21638186950
2021-07-09,14064261155
2021-07-12,21980567522
2021-07-13,16283247878
2021-07-14,13207386455
2021-07-15,8977493073
2021-07-16,4110633637
2021-07-19,1109702504
2021-07-20,4419864297
2021-07-21,4992659380
2021-07-22,11324202449
2021-07-23,3975962944
2021-07-26,6070990493
2021-07-27,3346037298
2021-07-28,5633208348
2021-07-29,6177326866
2021-07-30,2996654586
2021-08-02,2131192082
2021-08-03,4483257447
2021-08-04,4446237648
2021-08-05,8574465232
2021-08-06,3826344850
2021-08-09,275918381.7
2021-08-10,4963943638
2021-08-11,4465499892
2021-08-12,4693167132
2021-08-13,7931442975
2021-08-16,6589462625
2021-08-17,3238500555
2021-08-18,2285184486
2021-08-19,1668805359
2021-08-20,2624107334
2021-08-23,6309056858
2021-08-24,8424335451
2021-08-25,8565102833
2021-08-26,11573695997
2021-08-27,5413071000
2021-08-30,11834437309
2021-08-31,11756780783
2021-09-01,12735999716
2021-09-02,7892136746
2021-09-03,6117722666
2021-09-07,9651086360
2021-09-08,12085852209
2021-09-09,10850515444
2021-09-10,8575533933
2021-09-13,10883477323
2021-09-14,8337274918
2021-09-15,10748988307
2021-09-16,9698338486
2021-09-17,2430915198
2021-09-20,-515450012.5
2021-09-21,-88955906.31
2021-09-22,2325637071
2021-09-23,9907492227
2021-09-24,3144507750
2021-09-27,5455996178
2021-09-28,-1122505162
2021-09-29,-847746794
2021-09-30,-5626981782
2021-10-01,1282313860
2021-10-04,-673990483.4
2021-10-05,2325347082
2021-10-06,3688297737
2021-10-07,10695103433
2021-10-08,4519830824
2021-10-11,2945420886
2021-10-12,1767145790
2021-10-13,5013612571
2021-10-14,12703611616
2021-10-15,7345856711
2021-10-18,15381443263
2021-10-19,11652917493
2021-10-20,11992683770
2021-10-21,13578109706
2021-10-22,4023389921
2021-10-25,5865738538
2021-10-26,6903663055
2021-10-27,10052715141
2021-10-28,11695732285
2021-10-29,6286503122
2021-11-01,5859154783
2021-11-02,6378732345
2021-11-03,13181731458
2021-11-04,18650772195
2021-11-05,9833987162
2021-11-08,9968863177
2021-11-09,14111394596
2021-11-10,6491275290
2021-11-11,11335745505
2021-11-12,16097389193
2021-11-15,17361272999
2021-11-16,15188398771
2021-11-17,16479408238
2021-11-18,23464318777
2021-11-19,6166599260
2021-11-22,5138825574
2021-11-23,4537303163
2021-11-24,2775244523
2021-11-26,615070535.4
2021-11-29,3701057825
2021-11-30,516976966.6
2021-12-01,-1015727979
2021-12-02,-2423610802
2021-12-03,-1277000976
2021-12-06,598889337.7
2021-12-07,9317764203
2021-12-08,13398192425
2021-12-09,9477705979
2021-12-10,9983496996
2021-12-13,6960414036
2021-12-14,4577148485
2021-12-15,12373200395
2021-12-16,4368410277
2021-12-17,1098354660
2021-12-20,331234190.7
2021-12-21,4927778279
2021-12-22,14794687722
2021-12-23,7235349039
2021-12-27,7784043207
2021-12-28,9198138380
2021-12-29,7065383461
2021-12-30,8238695758
2021-12-31,3338435886
2022-01-03,7580233074
2022-01-04,5028022970
2022-01-05,-50455727.15
2022-01-06,-2323040773
2022-01-07,452211857.5
2022-01-10,483338318.2
2022-01-11,5128605733
2022-01-12,7387201009
2022-01-13,3349598946
2022-01-14,8103152387
2022-01-18,3024987909
2022-01-19,-568341859.1
2022-01-20,-7496822661
2022-01-21,-1772597844
2022-01-24,-1653661645
2022-01-25,-2405353500
2022-01-26,-2195632576
2022-01-27,-1578080007
2022-01-28,-85454135.58
2022-01-31,3089160807
2022-02-01,2674471326
2022-02-02,7730074047
2022-02-03,2957158270
2022-02-04,2970392086
2022-02-07,1220200355
2022-02-08,3123330276
2022-02-09,6184981515
2022-02-10,2544163934
2022-02-11,628675909.9
2022-02-14,1250192165
2022-02-15,3251691400
2022-02-16,4833309247
2022-02-17,-821183097.3
2022-02-18,-533679223.2
2022-02-22,-1625054553
2022-02-23,-2220759162
2022-02-24,378968071.4
2022-02-25,1776066413
2022-02-28,1712560977
2022-03-01,708443963.9
2022-03-02,2421498538
2022-03-03,1006702015
2022-03-04,-650053948.2
2022-03-07,-1462294427
2022-03-08,-1886069109
2022-03-09,1422701822
2022-03-10,2972561101
2022-03-11,-692503450.9
2022-03-14,-1832241576
2022-03-15,-45493422.69
2022-03-16,8190923167
2022-03-17,9427733114
2022-03-18,4564414961
2022-03-21,5205696540
2022-03-22,7678985457
2022-03-23,5998126384
2022-03-24,7694781049
2022-03-25,4652303632
2022-03-28,8319653924
2022-03-29,9140784923
2022-03-30,8005330615
2022-03-31,3976160043
2022-04-01,3582782197
2022-04-04,5945441880
2022-04-05,3591475432
2022-04-06,1373425176
2022-04-07,710491425.9
2022-04-08,4341863239
2022-04-11,-107470892.5
2022-04-12,-4365979912
2022-04-13,813715293.5
2022-04-14,389729826.5
2022-04-18,29363519.85
2022-04-19,3736731847
2022-04-20,1403102719
2022-04-21,23667370.38
2022-04-22,-707370661.1
2022-04-25,-337188402.5
2022-04-26,-1759144335
2022-04-27,-2141585988
2022-04-28,-105030297.6
2022-04-29,-1174932281
2022-05-02,-925363915.1
2022-05-03,-348333228.9
2022-05-04,4503160838
2022-05-05,-1434460340
2022-05-06,-1017344606
2022-05-09,-1868208096
2022-05-10,-1986446947
2022-05-11,-2519691055
2022-05-12,-3429697354
2022-05-13,-1426612507
2022-05-16,-1135155036
2022-05-17,521341737
2022-05-18,-3157560491
2022-05-19,-3674619776
2022-05-20,-1408475627
2022-05-23,-827734133.4
2022-05-24,-975215961.6
2022-05-25,-133835413.9
2022-05-26,3830138869
2022-05-27,3229619786
2022-05-31,3396672528
2022-06-01,2772951834
2022-06-02,8849277573
2022-06-03,1411442277
2022-06-06,889379135.3
2022-06-07,2723715125
2022-06-08,1724845026
2022-06-09,-1424303517
2022-06-10,-1323234349
2022-06-13,-3321834607
2022-06-14,-3167093025
2022-06-15,-1800132696
2022-06-16,-3841187936
2022-06-17,-1568342152
2022-06-21,-499821063.1
2022-06-22,-559388352.2
2022-06-23,-79153741.07
2022-06-24,1460679110
2022-06-27,633722962.6
2022-06-28,-818150122.4
2022-06-29,-1255958654
2022-06-30,-1672507661
2022-07-01,-656374768.4
2022-07-05,156356891.8
2022-07-06,1406709620
2022-07-07,4093317219
2022-07-08,2938311376
2022-07-11,1166415562
2022-07-12,212816155.2
2022-07-13,-110681093.3
2022-07-14,-518253362.6
2022-07-15,319856203.9
2022-07-18,103448416.5
2022-07-19,1592835036
2022-07-20,1871365590
2022-07-21,3892183355
2022-07-22,1381150821
2022-07-25,1352442344
2022-07-26,412291960.7
2022-07-27,2849955794
2022-07-28,3865075643
2022-07-29,3076203280
2022-08-01,3379506187
2022-08-02,3206674369
2022-08-03,4399301795
2022-08-04,4932053000
2022-08-05,2849414008
2022-08-08,2601958343
2022-08-09,2287916577
2022-08-10,4544799439
2022-08-11,4177880170
2022-08-12,5431317210
2022-08-15,5732429149
2022-08-16,5959615680
2022-08-17,5036662343
2022-08-18,4368900545
2022-08-19,1579932222
2022-08-22,-67089661.17
2022-08-23,155283483.5
2022-08-24,193732262.4
2022-08-25,1577054149
2022-08-26,-679526616
2022-08-29,-956175525
2022-08-30,-1694939750
2022-08-31,-2371772190
2022-09-01,-1731586008
2022-09-02,-1869356542
2022-09-06,-2050651652
2022-09-07,-527089230.6
2022-09-08,657394721.4
2022-09-09,866219879.5
2022-09-12,2177606575
2022-09-13,-1607218358
2022-09-14,-713170144.1
2022-09-15,-1420838511
2022-09-16,-922072085
2022-09-19,-512451352.8
2022-09-20,-788667910.7
2022-09-21,-1841117497
2022-09-22,-2522085486
2022-09-23,-1888874271
2022-09-26,-1971953164
2022-09-27,-1947773551
2022-09-28,-1178481420
2022-09-29,-2296037812
2022-09-30,-2317900571
2022-10-03,-1901132680
2022-10-04,19675015.79
2022-10-05,-70021110.48
2022-10-06,-637120066.2
2022-10-07,-2042918960
2022-10-10,-2188835085
2022-10-11,-2312305537
2022-10-12,-2310834185
2022-10-13,-824431792.5
2022-10-14,-2022893672
2022-10-17,-1042940689
2022-10-18,-138130472.4
2022-10-19,-495245267.2
2022-10-20,-716136471.6
2022-10-21,261538294.1
2022-10-24,854701687.8
2022-10-25,1852760604
2022-10-26,1546095485
2022-10-27,1337671431
2022-10-28,1665443326
2022-10-31,1343178218
2022-11-01,1285958789
2022-11-02,-320007164.4
2022-11-03,-636899217.8
2022-11-04,586325801.7
2022-11-07,1164754583
2022-11-08,1395166919
2022-11-09,48172860.36
2022-11-10,3748513590
2022-11-11,3230477835
2022-11-14,2909963227
2022-11-15,3443458783
2022-11-16,2633494994
2022-11-17,2291891827
2022-11-18,1459191771
2022-11-21,1300596493
2022-11-22,2357135971
2022-11-23,3435195275
2022-11-25,2671542183
2022-11-28,1355413160
2022-11-29,1256509410
2022-11-30,4258630100
2022-12-01,3946988858
2022-12-02,2968364136
2022-12-05,1660549368
2022-12-06,384277370.6
2022-12-07,269912768.6
2022-12-08,1116596555
2022-12-09,822257889.2
2022-12-12,1864052271
2022-12-13,2501285195
2022-12-14,1493971163
2022-12-15,-782189496.9
2022-12-16,-535152595.3
2022-12-19,-988880067.7
2022-12-20,-977625207.2
2022-12-21,103987369.3
2022-12-22,-845642032.3
2022-12-23,13198754.28
2022-12-27,9857586.94
2022-12-28,-970157112.8
2022-12-29,638811834.5
2022-12-30,237404566.7
2023-01-03,113989742.1
2023-01-04,731249419.2
2023-01-05,54549398.25
2023-01-06,1410843212
2023-01-09,1516025859
2023-01-10,1820267289
2023-01-11,2909037628
2023-01-12,3588138954
2023-01-13,3212414027
2023-01-17,3110333385
2023-01-18,1373915601
2023-01-19,246824292.6
2023-01-20,946667741.8
2023-01-23,1925800676
2023-01-24,1881708006
2023-01-25,1953087469
2023-01-26,3591705216
2023-01-27,2369599331
2023-01-30,1383167166
2023-01-31,2513040468
2023-02-01,3505807061
2023-02-02,3707163002
2023-02-03,2508058831
2023-02-06,2077821729
2023-02-07,3178510104
2023-02-08,2262558502
2023-02-09,1528684690
2023-02-10,1732004941
2023-02-13,2635978224
2023-02-14,2774217662
2023-02-15,3122525229
2023-02-16,1361668554
2023-02-17,1222922775
2023-02-21,7498832.76
2023-02-22,-59505220.79
2023-02-23,356863721.9
2023-02-24,-9862362.535
2023-02-27,329569889.1
2023-02-28,36384164.17
2023-03-01,-338624549
2023-03-02,483490062.9
2023-03-03,1012177697
2023-03-06,1198838327
2023-03-07,-232401871
2023-03-08,-37656026.65
2023-03-09,-1417227648
2023-03-10,-1476792274
2023-03-13,-1211239365
2023-03-14,-54291434.22
2023-03-15,-7192500.97
2023-03-16,1761416481
2023-03-17,500667556
2023-03-20,843657608.5
2023-03-21,1727149186
2023-03-22,620409637.6
2023-03-23,1117406835
2023-03-24,1069605046
2023-03-27,1099309839
2023-03-28,925347545.6
2023-03-29,2388130099
2023-03-30,3100209919
2023-03-31,3013617210
2023-04-03,3669996237
2023-04-04,3135859617
2023-04-05,2411764822
2023-04-06,2719423867
2023-04-10,2876591367
2023-04-11,2918992355
2023-04-12,2162355268
2023-04-13,4232364091
2023-04-14,3243804369
2023-04-17,3670020461
2023-04-18,3955046025
2023-04-19,3801716360
2023-04-20,3248781984
2023-04-21,1808383998
2023-04-24,1964211418
2023-04-25,838041546.7
2023-04-26,526923626.5
2023-04-27,2720894833
2023-04-28,2503235647
2023-05-01,2505038217
2023-05-02,1544399378
2023-05-03,854395760.5
2023-05-04,147495021
2023-05-05,2001732899
2023-05-08,2150819382
2023-05-09,1659676924
2023-05-10,2410871780
2023-05-11,2252765938
2023-05-12,1639419877
2023-05-15,2028031811
2023-05-16,1801687388
2023-05-17,3367531356
2023-05-18,4519055008
2023-05-19,2458597697
2023-05-22,2521382324
2023-05-23,1485059995
2023-05-24,1006070720
2023-05-25,1905607509
2023-05-26,2482939551
2023-05-30,2623417179
2023-05-31,1979219306
2023-06-01,3597156050
2023-06-02,3824152780
2023-06-05,3694645912
2023-06-06,3901353879
2023-06-07,3206393300
2023-06-08,4690744162
2023-06-09,4460876878
2023-06-12,4888968952
2023-06-13,5707263084
2023-06-14,5726802866
2023-06-15,7219161141
2023-06-16,3776451349
2023-06-20,3588264519
2023-06-21,2925878547
2023-06-22,3876141796
2023-06-23,2764123434
2023-06-26,2101291410
2023-06-27,3647903331
2023-06-28,3938127415
2023-06-29,4525212180
2023-06-30,4996863320
2023-07-03,5295880264
2023-07-05,5020173092
2023-07-06,3646148330
2023-07-07,3200175527
2023-07-10,3430727087
2023-07-11,4637696774
2023-07-12,5981589110
2023-07-13,7066543411
2023-07-14,5268012289
2023-07-17,6022155823
2023-07-18,6665653695
2023-07-19,7014538658
2023-07-20,5627805849
2023-07-21,3722799290
2023-07-24,4221232602
2023-07-25,4521149636
2023-07-26,4482258843
2023-07-27,3742041120
2023-07-28,4630459374
2023-07-31,4792964711
2023-08-01,4539451079
2023-08-02,2341028610
2023-08-03,3222934867
2023-08-04,2398288801
2023-08-07,3317556417
2023-08-08,2699090655
2023-08-09,1643834013
2023-08-10,1731289329
2023-08-11,2478490073
2023-08-14,3289773888
2023-08-15,1184360457
2023-08-16,282455379.4
2023-08-17,-866868377.1
2023-08-18,249769625.6
2023-08-21,1059560213
2023-08-22,1031303019
2023-08-23,2362023849
2023-08-24,315814383
2023-08-25,1278763489
2023-08-28,2078487731
2023-08-29,4333403767
2023-08-30,4931388575
2023-08-31,4895374699
2023-09-01,3769886463
2023-09-05,3613424522
2023-09-06,2268785020
2023-09-07,1946021225
2023-09-08,2392190740
2023-09-11,3411540168
2023-09-12,2552197144
2023-09-13,2894943035
2023-09-14,4658047719
2023-09-15,1551356689
2023-09-18,1666875816
2023-09-19,1532740492
2023-09-20,305798339.7
2023-09-21,-1336781303
2023-09-22,-198493735.1
2023-09-25,191329390.4
2023-09-26,-872376301.7
2023-09-27,-651152365.2
2023-09-28,587821699.3
2023-09-29,112627059.2
2023-10-02,587249433.9
2023-10-03,-835526249.8
2023-10-04,423799863.2
2023-10-05,548377723.8
2023-10-06,1304725290
2023-10-09,1071754182
2023-10-10,2758592236
2023-10-11,3460344872
2023-10-12,3073727010
2023-10-13,1238457576
2023-10-16,2778377756
2023-10-17,2084098659
2023-10-18,735266641.5
2023-10-19,-116379904.2
2023-10-20,-183334078.8
2023-10-23,-154915708.2
2023-10-24,592401425.3
2023-10-25,-416916153.9
2023-10-26,-1628381357
2023-10-27,-943041560.2
2023-10-30,-69507613.6
2023-10-31,375855575.1
2023-11-01,1994589452
2023-11-02,4309298208
2023-11-03,3334310731
2023-11-06,3799986814
2023-11-07,4327725855
2023-11-08,4443682444
2023-11-09,3312841276
2023-11-10,4139281254
2023-11-13,4461109774
2023-11-14,6675329379
2023-11-15,6691748543
2023-11-16,6378069623
2023-11-17,4511812051
2023-11-20,5581276229
2023-11-21,5509028818
2023-11-22,6315183501
2023-11-24,4575342699
2023-11-27,4998511593
2023-11-28,5399869897
2023-11-29,4924214907
2023-11-30,4434525036
2023-12-01,4924647138
2023-12-04,4261615144
2023-12-05,4930319626
2023-12-06,4084177703
2023-12-07,6084693978
2023-12-08,5690578256
2023-12-11,5789060345
2023-12-12,6869626928
2023-12-13,8549368690
2023-12-14,7891862872
2023-12-15,5806518588
2023-12-18,6696774143
2023-12-19,7597039219
2023-12-20,3712488915
2023-12-21,5337349977
2023-12-22,5687669871
2023-12-26,6310143487
2023-12-27,6809006109
2023-12-28,6874712703
2023-12-29,5166522873
2024-01-02,4388710874
2024-01-03,3555017928
2024-01-04,2174268067
2024-01-05,3809162487
2024-01-08,5977778128
2024-01-09,5852128042
2024-01-10,6965029865
2024-01-11,3905093121
2024-01-12,5882972501
2024-01-16,5092414197
2024-01-17,4389194436
2024-01-18,6332262200
2024-01-19,4204740984
2024-01-22,4537414759
2024-01-23,5024429246
2024-01-24,5492099946
2024-01-25,5548068137
2024-01-26,4216357789
2024-01-29,5140652698
2024-01-30,5022110251
2024-01-31,3119171780
2024-02-01,5077584253
2024-02-02,4546961679
2024-02-05,4856180132
2024-02-06,4658369624
2024-02-07,6446332379
2024-02-08,5462013302
2024-02-09,5328163034
2024-02-12,5238326556
2024-02-13,3109014455
2024-02-14,4891486967
2024-02-15,6175748192
2024-02-16,3611085506
2024-02-20,3069871389
2024-02-21,2461813756
2024-02-22,6830228516
2024-02-23,3859629412
2024-02-26,4513754499
2024-02-27,4908130935
2024-02-28,4669272627
2024-02-29,6255851750
2024-03-01,5332123204
2024-03-04,4905430381
2024-03-05,3556955794
2024-03-06,4239910445
2024-03-07,5718508593
2024-03-08,4104732758
2024-03-11,4713757285
2024-03-12,5938283529
2024-03-13,5624295731
2024-03-14,5282309855
2024-03-15,3342167301
2024-03-18,3937922000
2024-03-19,4650536932
2024-03-20,7263900892
2024-03-21,7674673967
2024-03-22,4650663108
2024-03-25,5513707300
2024-03-26,5052700288
2024-03-27,5848870499
2024-03-28,5832130945
2024-04-01,5465906198
2024-04-02,4278337803
2024-04-03,4873454757
2024-04-04,1849412237
2024-04-05,3504911242
2024-04-08,3398335515
2024-04-09,3630865101
2024-04-10,2920913808
2024-04-11,5830983335
2024-04-12,2553523576
2024-04-15,939169796.4
2024-04-16,871219214.3
2024-04-17,12214539.55
2024-04-18,-37538291.66
2024-04-19,665749991.4
2024-04-22,1326659407
2024-04-23,2750771165
2024-04-24,2630505684
2024-04-25,2830701609
2024-04-26,3139888784
2024-04-29,3674119702
2024-04-30,2090173760
2024-05-01,1376151942
2024-05-02,3066656378
2024-05-03,4044558566
2024-05-06,5431941596
2024-05-07,5525622778
2024-05-08,5566559704
2024-05-09,6346208011
2024-05-10,5432035669
2024-05-13,5594060152
2024-05-14,6255962155
2024-05-15,7955671215
2024-05-16,7245061117
2024-05-17,4853015125
2024-05-20,4963617300
2024-05-21,5510500289
2024-05-22,4917089988
2024-05-23,3630219247
2024-05-24,4477390255
2024-05-28,4395458155
2024-05-29,3426680034
2024-05-30,2534347788
2024-05-31,3652680540
2024-06-03,4212034593
2024-06-04,4652135608
2024-06-05,6324708452
2024-06-06,6633452845
2024-06-07,4936257709
2024-06-10,5088447663
2024-06-11,6460479148
2024-06-12,7592465321
2024-06-13,7263421536
2024-06-14,5953643755
2024-06-17,6951610730
2024-06-18,6890717243
2024-06-20,6883926636
2024-06-21,4790673924
2024-06-24,4995460524
2024-06-25,5599614412
2024-06-26,6278491752
2024-06-27,6613362795
2024-06-28,5094768281
2024-07-01,5738185259
2024-07-02,6932596552
2024-07-03,8203968336
2024-07-05,6668320257
2024-07-08,6266260814
2024-07-09,7212656349
2024-07-10,8525287309
2024-07-11,5982740162
2024-07-12,6768481430
2024-07-15,6787112127
2024-07-16,7619103403
2024-07-17,5656856967
2024-07-18,4488196123
2024-07-19,3681523089
2024-07-22,4520803771
2024-07-23,4499477212
2024-07-24,1789933995
2024-07-25,1875210274
2024-07-26,3402837819
2024-07-29,3475151091
2024-07-30,3356663422
2024-07-31,4864174811
2024-08-01,2991904075
2024-08-02,2108487297
2024-08-05,477084855.2
2024-08-06,1139237301
2024-08-07,592021575.8
2024-08-08,2937064802
2024-08-09,3006151670
2024-08-12,2995707979
2024-08-13,4838110534
2024-08-14,5393188545
2024-08-15,7887918588
2024-08-16,5123957498
2024-08-19,6233610335
2024-08-20,6208359712
2024-08-21,6921479039
2024-08-22,5153200946
2024-08-23,5959589388
2024-08-26,5779012431
2024-08-27,5845340982
2024-08-28,4939437289
2024-08-29,5523035219
2024-08-30,6086556803
2024-09-03,3740020285
2024-09-04,3595195655
2024-09-05,3520684582
2024-09-06,2315966377
2024-09-09,3280530136
2024-09-10,3849656185
2024-09-11,5336593612
2024-09-12,6940079338
2024-09-13,5909286859
2024-09-16,5961311631
2024-09-17,6155123108
2024-09-18,5805165889
2024-09-19,8221473205
2024-09-20,5303295297
2024-09-23,5786903109
2024-09-24,6328267075
2024-09-25,6394695662
2024-09-26,6959651132
2024-09-27,5567042738
2024-09-30,6352622311
2024-10-01,4896533690
2024-10-02,4428681484
2024-10-03,4816938822
2024-10-04,5743532577
2024-10-07,3846572085
2024-10-08,5963801712
2024-10-09,7047951416
2024-10-10,6592904184
2024-10-11,6401612335
2024-10-14,7410156663
2024-10-15,6591408664
2024-10-16,7096290605
2024-10-17,7121736829
2024-10-18,5436123276
2024-10-21,5398150643
2024-10-22,5851529851
2024-10-23,4082983910
2024-10-24,4880783379
2024-10-25,4749534531
2024-10-28,4915880671
2024-10-29,5024193849
2024-10-30,4423596923
2024-10-31,1917795554
2024-11-01,3675434281
2024-11-04,3341290878
2024-11-05,4614333695
2024-11-06,7758532408
2024-11-07,9662097969
2024-11-08,7382278793
2024-11-11,7378270518
2024-11-12,7246970943
2024-11-13,7180883104
2024-11-14,6447921288
2024-11-15,3974675801
2024-11-18,4681640451
2024-11-19,5359810256
2024-11-20,5417552741
2024-11-21,6330482864
2024-11-22,6027379555
2024-11-25,6625218270
2024-11-26,7744311204
2024-11-27,6855214026
2024-11-29,6826040464
2024-12-02,7706048008
2024-12-03,8146922443
2024-12-04,9545620758
2024-12-05,9140526161
2024-12-06,7631066628
2024-12-09,6954304274
2024-12-10,6807175032
2024-12-11,8034815760
2024-12-12,7076150112
2024-12-13,6050424114
2024-12-16,5979848912
2024-12-17,6160603504
2024-12-18,2158783463
2024-12-19,2450546703
2024-12-20,3723450386
2024-12-23,4698052214
2024-12-24,7095206968
2024-12-26,6785424919
2024-12-27,4199651258
2024-12-30,2997519655
2024-12-31,2441213241
2025-01-02,2371887333
2025-01-03,4096050140
2025-01-06,5052128431
2025-01-07,3469278378
2025-01-08,3247296337
2025-01-10,2208536026
2025-01-13,2397711380
2025-01-14,2579500681
2025-01-15,5716896248
2025-01-16,4775367064
2025-01-17,4166702587
2025-01-21,4966653058
2025-01-22,6366758458
2025-01-23,7073749361
2025-01-24,4931479225
2025-01-27,4327572894
2025-01-28,5416249326
2025-01-29,5055559749
2025-01-30,6007920512
2025-01-31,4428409812
2025-02-03,3583323664
2025-02-04,4725386328
2025-02-05,5258058995
2025-02-06,6298794497
2025-02-07,4104401646
2025-02-10,5096090725
2025-02-11,5222593117
2025-02-12,5189626641
2025-02-13,7596817906
2025-02-14,5979705472
2025-02-18,5920643383
2025-02-19,6592821599
2025-02-20,5561483627
2025-02-21,2954752220
2025-02-24,2365713328
2025-02-25,2166538016
2025-02-26,2271171020
2025-02-27,627294061.4
2025-02-28,2770328688
2025-03-03,1522242897
2025-03-04,557568217.9
2025-03-05,1875806088
2025-03-06,466724209.5
2025-03-07,1211369428
2025-03-10,-125126815.3
2025-03-11,-550474789.5
2025-03-12,42629739.79
2025-03-13,-1089722186
2025-03-14,622999962.4
2025-03-17,1295488234
2025-03-18,314071295.4
2025-03-19,1592929580
2025-03-20,1394388566
2025-03-21,1528378631
2025-03-24,3359703173
2025-03-25,3543467885
2025-03-26,2084828945
2025-03-27,2057823445
2025-03-28,400421432.9
2025-03-31,799952988.6
2025-04-01,1504443221
2025-04-02,2134590896
2025-04-03,-1003997546
2025-04-04,-1944044432
2025-04-07,-1905543907
2025-04-08,-1852544173
2025-04-09,1643186972
2025-04-10,32966429.75
2025-04-11,373447964.2
2025-04-14,808319767.1
2025-04-15,782826927.1
2025-04-16,-770242084.7
2025-04-17,47459813.27
2025-04-21,-656792281.5
2025-04-22,615614084.4
2025-04-23,1762633447
2025-04-24,3430226052
2025-04-25,2387843868
